model,variable,value,barr_type,option_type,n_samples,eta,closed,fdm,reference,mc_mean,mc_std,mc_rel_error_pct,cvae_mean,cvae_std,cvae_rel_error_pct,mc_seconds_mean,cvae_seconds_mean,used_sample_count_mean,discarded_sample_count_mean,discarded_sample_pct_mean,regenerated_sample_count_mean,regenerated_sample_pct_mean,error
hes,r,0.0025,van,call,1000,"(1.0, 1.0, 0.0025, 2, 0.05, 0.5, -0.7, 0.05, 1.5)",,0.10169903052401999,0.10169903052401999,0.10150397212194914,0.005287910276227143,0.19179966718048166,0.10052587378208272,0.0032808624637806786,1.1535574487705522,0.791322194460663,0.0025851397414226084,983.58,16.42,1.6420000000000001,0.0,0.0,
hes,r,0.0025,van,call,10000,"(1.0, 1.0, 0.0025, 2, 0.05, 0.5, -0.7, 0.05, 1.5)",,0.10169903052401999,0.10169903052401999,0.10126456177636277,0.0014359099065276554,0.42721031402025544,0.10119377588488469,0.0014128316386633245,0.49681362401577894,0.7804822060780134,0.008406583092873916,9815.66,184.34,1.8434,0.0,0.0,
hes,r,0.0025,van,call,100000,"(1.0, 1.0, 0.0025, 2, 0.05, 0.5, -0.7, 0.05, 1.5)",,0.10169903052401999,0.10169903052401999,0.10153501481173648,0.000422119397691802,0.161275590768562,0.1010623055875589,0.0005181060069141323,0.6260875184161251,0.8412596756609855,0.05607031259918585,98165.0,1835.0,1.835,0.0,0.0,
hes,r,0.0025,van,put,1000,"(1.0, 1.0, 0.0025, 2, 0.05, 0.5, -0.7, 0.05, 1.5)",,0.09795605299435405,0.09795605299435405,0.0969655948105852,0.004430012553114352,1.0111250438254538,0.09867677445428921,0.00480472692897873,0.7357600045162166,0.791322194460663,0.0025851397414226084,983.58,16.42,1.6420000000000001,0.0,0.0,
hes,r,0.0025,van,put,10000,"(1.0, 1.0, 0.0025, 2, 0.05, 0.5, -0.7, 0.05, 1.5)",,0.09795605299435405,0.09795605299435405,0.09825050649975785,0.0018010623189026174,0.30059756023527595,0.09792489868058071,0.0015756896839466566,0.03180437841358092,0.7804822060780134,0.008406583092873916,9815.66,184.34,1.8434,0.0,0.0,
hes,r,0.0025,van,put,100000,"(1.0, 1.0, 0.0025, 2, 0.05, 0.5, -0.7, 0.05, 1.5)",,0.09795605299435405,0.09795605299435405,0.09781361067494031,0.00046233726570463706,0.1454145150396659,0.09813715682887394,0.0005635946527300164,0.1848827397428293,0.8412596756609855,0.05607031259918585,98165.0,1835.0,1.835,0.0,0.0,
hes,r,0.0025,barr,call,1000,"(1.0, 1.0, 0.0025, 2, 0.05, 0.5, -0.7, 0.05, 1.5)",,0.0944377236387608,0.0944377236387608,0.09430389449437927,0.005255283775041424,0.14171153139336587,0.09326046904369745,0.003506283304811247,1.2465935747948913,0.791322194460663,0.0025851397414226084,983.58,16.42,1.6420000000000001,0.0,0.0,
hes,r,0.0025,barr,call,10000,"(1.0, 1.0, 0.0025, 2, 0.05, 0.5, -0.7, 0.05, 1.5)",,0.0944377236387608,0.0944377236387608,0.09408363094239278,0.0014157420492161756,0.3749483603845425,0.09401112868334532,0.0014448404801847888,0.4517209214479422,0.7804822060780134,0.008406583092873916,9815.66,184.34,1.8434,0.0,0.0,
hes,r,0.0025,barr,call,100000,"(1.0, 1.0, 0.0025, 2, 0.05, 0.5, -0.7, 0.05, 1.5)",,0.0944377236387608,0.0944377236387608,0.09428565217496863,0.0004224060940419573,0.16102830302629745,0.09383778801262321,0.000503389380960727,0.6352711639179599,0.8412596756609855,0.05607031259918585,98165.0,1835.0,1.835,0.0,0.0,
hes,r,0.0025,barr,put,1000,"(1.0, 1.0, 0.0025, 2, 0.05, 0.5, -0.7, 0.05, 1.5)",,0.006605920726625275,0.006605920726625275,0.006604982990052044,0.0007580575486414921,0.014195395495000877,0.006620800929458454,0.0007843785385657155,0.22525554648581028,0.791322194460663,0.0025851397414226084,983.58,16.42,1.6420000000000001,0.0,0.0,
hes,r,0.0025,barr,put,10000,"(1.0, 1.0, 0.0025, 2, 0.05, 0.5, -0.7, 0.05, 1.5)",,0.006605920726625275,0.006605920726625275,0.006592857375880802,0.00025838231958096757,0.1977521572703882,0.0065944743808649805,0.00022723140303937013,0.17327404057635545,0.7804822060780134,0.008406583092873916,9815.66,184.34,1.8434,0.0,0.0,
hes,r,0.0025,barr,put,100000,"(1.0, 1.0, 0.0025, 2, 0.05, 0.5, -0.7, 0.05, 1.5)",,0.006605920726625275,0.006605920726625275,0.006617589287233145,8.114794374604368e-05,0.1766379145429336,0.006617714304536152,8.116104265783267e-05,0.17853041837669123,0.8412596756609855,0.05607031259918585,98165.0,1835.0,1.835,0.0,0.0,
hes,r,0.0975,van,call,1000,"(1.0, 1.0, 0.0975, 2, 0.05, 0.5, -0.7, 0.05, 1.5)",,0.18540192208731862,0.18540192208731862,0.1860633764016353,0.00468085454466258,0.3567677761210938,0.18325563584279927,0.007269755387088101,1.1576396945380703,0.7950834780017613,0.0026392635819502174,975.1,24.9,2.49,0.0,0.0,
hes,r,0.0975,van,call,10000,"(1.0, 1.0, 0.0975, 2, 0.05, 0.5, -0.7, 0.05, 1.5)",,0.18540192208731862,0.18540192208731862,0.18488525826472174,0.0018220622922054007,0.278672311904915,0.18249782964696404,0.0020032312728966483,1.56637666301369,0.7939461783226579,0.00880752818309702,9748.76,251.24,2.5124,0.0,0.0,
hes,r,0.0975,van,call,100000,"(1.0, 1.0, 0.0975, 2, 0.05, 0.5, -0.7, 0.05, 1.5)",,0.18540192208731862,0.18540192208731862,0.18534947059051843,0.0006243706892845238,0.02829069742625979,0.1821987207870551,0.0005962310133727098,1.7277066301151482,0.8249555842980044,0.05659947362495586,97489.5,2510.5,2.5105,0.0,0.0,
hes,r,0.0975,van,put,1000,"(1.0, 1.0, 0.0975, 2, 0.05, 0.5, -0.7, 0.05, 1.5)",,0.04934360283906547,0.04934360283906547,0.048960267230616895,0.0027096514737079795,0.7768699211097875,0.04959443426356059,0.0037616062131278646,0.508336258528199,0.7950834780017613,0.0026392635819502174,975.1,24.9,2.49,0.0,0.0,
hes,r,0.0975,van,put,10000,"(1.0, 1.0, 0.0975, 2, 0.05, 0.5, -0.7, 0.05, 1.5)",,0.04934360283906547,0.04934360283906547,0.04935039891342338,0.001127358550564115,0.01377295934404612,0.04980164577280557,0.0012008735869787127,0.9282721718436499,0.7939461783226579,0.00880752818309702,9748.76,251.24,2.5124,0.0,0.0,
hes,r,0.0975,van,put,100000,"(1.0, 1.0, 0.0975, 2, 0.05, 0.5, -0.7, 0.05, 1.5)",,0.04934360283906547,0.04934360283906547,0.049225577728172584,0.00041183893490242315,0.23919029844218248,0.04975709730919522,0.0003155147057096373,0.8379900257351764,0.8249555842980044,0.05659947362495586,97489.5,2510.5,2.5105,0.0,0.0,
hes,r,0.0975,barr,call,1000,"(1.0, 1.0, 0.0975, 2, 0.05, 0.5, -0.7, 0.05, 1.5)",,0.1728912447695687,0.1728912447695687,0.173537154547398,0.004879612738413669,0.3735931097552966,0.17124213467801294,0.007324859472448554,0.9538424538233405,0.7950834780017613,0.0026392635819502174,975.1,24.9,2.49,0.0,0.0,
hes,r,0.0975,barr,call,10000,"(1.0, 1.0, 0.0975, 2, 0.05, 0.5, -0.7, 0.05, 1.5)",,0.1728912447695687,0.1728912447695687,0.17232450151298914,0.0019154714278649349,0.32780332939064266,0.1700467659560094,0.0019588737007676803,1.6452416762632867,0.7939461783226579,0.00880752818309702,9748.76,251.24,2.5124,0.0,0.0,
hes,r,0.0975,barr,call,100000,"(1.0, 1.0, 0.0975, 2, 0.05, 0.5, -0.7, 0.05, 1.5)",,0.1728912447695687,0.1728912447695687,0.17288148673054513,0.000636788545495988,0.005644033066332615,0.16971414882526495,0.0006075107222009822,1.8376268552743849,0.8249555842980044,0.05659947362495586,97489.5,2510.5,2.5105,0.0,0.0,
hes,r,0.0975,barr,put,1000,"(1.0, 1.0, 0.0975, 2, 0.05, 0.5, -0.7, 0.05, 1.5)",,0.0028317795049901686,0.0028317795049901686,0.002818200679972111,0.00041828765766599,0.4795156188583506,0.0028917332728220307,0.0005484205688815483,2.117176415967818,0.7950834780017613,0.0026392635819502174,975.1,24.9,2.49,0.0,0.0,
hes,r,0.0975,barr,put,10000,"(1.0, 1.0, 0.0975, 2, 0.05, 0.5, -0.7, 0.05, 1.5)",,0.0028317795049901686,0.0028317795049901686,0.00283046585137727,0.00014178655168119354,0.04638968572884549,0.0028789995644257172,0.00016281045837767126,1.6675048093376394,0.7939461783226579,0.00880752818309702,9748.76,251.24,2.5124,0.0,0.0,
hes,r,0.0975,barr,put,100000,"(1.0, 1.0, 0.0975, 2, 0.05, 0.5, -0.7, 0.05, 1.5)",,0.0028317795049901686,0.0028317795049901686,0.002824225968859554,5.414784931913786e-05,0.26674167664904197,0.002894033696513442,4.829961507192576e-05,2.1984123909919098,0.8249555842980044,0.05659947362495586,97489.5,2510.5,2.5105,0.0,0.0,
hes,kappa,1.3,van,call,1000,"(1.0, 1.0, 0.03, 1.3, 0.05, 0.5, -0.7, 0.05, 1.5)",,0.12213682968250583,0.12213682968250583,0.12078496620270159,0.004684134365480829,1.106843433973528,0.12059010692196427,0.004203530281101886,1.2663852210363247,0.9001371203997405,0.002529771197587252,979.22,20.78,2.0780000000000003,0.0,0.0,
hes,kappa,1.3,van,call,10000,"(1.0, 1.0, 0.03, 1.3, 0.05, 0.5, -0.7, 0.05, 1.5)",,0.12213682968250583,0.12213682968250583,0.1213969890899407,0.0014476052744044471,0.6057473363999539,0.12038012723162161,0.0013319950312283605,1.4383069017353391,0.8550441608205438,0.008186146317748354,9786.18,213.82,2.1382,0.0,0.0,
hes,kappa,1.3,van,call,100000,"(1.0, 1.0, 0.03, 1.3, 0.05, 0.5, -0.7, 0.05, 1.5)",,0.12213682968250583,0.12213682968250583,0.12148018010417852,0.00044406065677995505,0.5376343728867613,0.12072855667558084,0.00040047934504309433,1.1530289516976897,0.9458028120995732,0.05643746331566945,97842.44,2157.56,2.1575599999999997,0.0,0.0,
hes,kappa,1.3,van,put,1000,"(1.0, 1.0, 0.03, 1.3, 0.05, 0.5, -0.7, 0.05, 1.5)",,0.07813431119415969,0.07813431119415969,0.078796514535093,0.0037016601072971307,0.8475192662641752,0.07742762263160774,0.005258157334820106,0.9044535643193453,0.9001371203997405,0.002529771197587252,979.22,20.78,2.0780000000000003,0.0,0.0,
hes,kappa,1.3,van,put,10000,"(1.0, 1.0, 0.03, 1.3, 0.05, 0.5, -0.7, 0.05, 1.5)",,0.07813431119415969,0.07813431119415969,0.07741199389088996,0.0013075566764063214,0.9244559684858653,0.0782287972689352,0.0014784382404716071,0.12092776314456398,0.8550441608205438,0.008186146317748354,9786.18,213.82,2.1382,0.0,0.0,
hes,kappa,1.3,van,put,100000,"(1.0, 1.0, 0.03, 1.3, 0.05, 0.5, -0.7, 0.05, 1.5)",,0.07813431119415969,0.07813431119415969,0.07765700517542676,0.0005221181990247648,0.6108788974242675,0.07824706722997082,0.0003730922960990569,0.14431052643561992,0.9458028120995732,0.05643746331566945,97842.44,2157.56,2.1575599999999997,0.0,0.0,
hes,kappa,1.3,barr,call,1000,"(1.0, 1.0, 0.03, 1.3, 0.05, 0.5, -0.7, 0.05, 1.5)",,0.11250191717872805,0.11250191717872805,0.11153277487835288,0.005146187919506898,0.8614451421619164,0.1113265236909945,0.003865692910187335,1.0447764066689194,0.9001371203997405,0.002529771197587252,979.22,20.78,2.0780000000000003,0.0,0.0,
hes,kappa,1.3,barr,call,10000,"(1.0, 1.0, 0.03, 1.3, 0.05, 0.5, -0.7, 0.05, 1.5)",,0.11250191717872805,0.11250191717872805,0.11182725667837401,0.0014644040851602195,0.5996880029006375,0.11093852360067309,0.001272124817454266,1.389659498487701,0.8550441608205438,0.008186146317748354,9786.18,213.82,2.1382,0.0,0.0,
hes,kappa,1.3,barr,call,100000,"(1.0, 1.0, 0.03, 1.3, 0.05, 0.5, -0.7, 0.05, 1.5)",,0.11250191717872805,0.11250191717872805,0.1119255930106045,0.0004512982765588722,0.5122794193880027,0.11126751894357763,0.00039127045753694186,1.0972241772461329,0.9458028120995732,0.05643746331566945,97842.44,2157.56,2.1575599999999997,0.0,0.0,
hes,kappa,1.3,barr,put,1000,"(1.0, 1.0, 0.03, 1.3, 0.05, 0.5, -0.7, 0.05, 1.5)",,0.004833592065973399,0.004833592065973399,0.00472678842325648,0.0006572228686862115,2.2096122564577723,0.005001201208282542,0.0006369156136558589,3.467589734951894,0.9001371203997405,0.002529771197587252,979.22,20.78,2.0780000000000003,0.0,0.0,
hes,kappa,1.3,barr,put,10000,"(1.0, 1.0, 0.03, 1.3, 0.05, 0.5, -0.7, 0.05, 1.5)",,0.004833592065973399,0.004833592065973399,0.004758581709322851,0.00022946862741947177,1.5518553412604184,0.0049888224223660245,0.00020010471058815285,3.211490632099194,0.8550441608205438,0.008186146317748354,9786.18,213.82,2.1382,0.0,0.0,
hes,kappa,1.3,barr,put,100000,"(1.0, 1.0, 0.03, 1.3, 0.05, 0.5, -0.7, 0.05, 1.5)",,0.004833592065973399,0.004833592065973399,0.004795124959647661,6.143533405515645e-05,0.7958285639479395,0.004918125641007065,6.382317397647243e-05,1.7488768989991805,0.9458028120995732,0.05643746331566945,97842.44,2157.56,2.1575599999999997,0.0,0.0,
hes,kappa,4.5,van,call,1000,"(1.0, 1.0, 0.03, 4.5, 0.05, 0.5, -0.7, 0.05, 1.5)",,0.12811193710060628,0.12811193710060628,0.12896962074038665,0.0063286198727709195,0.6694798776688754,0.1258562511407912,0.005934340883876392,1.760714895789692,0.9962315351783764,0.0027257042634300887,982.42,17.58,1.758,0.0,0.0,
hes,kappa,4.5,van,call,10000,"(1.0, 1.0, 0.03, 4.5, 0.05, 0.5, -0.7, 0.05, 1.5)",,0.12811193710060628,0.12811193710060628,0.12815134166168143,0.0017614784605688948,0.030757915278579427,0.12686586239887165,0.0015344735037150165,0.9726452740747229,0.9443702457193285,0.007313366220332682,9822.7,177.3,1.7730000000000001,0.0,0.0,
hes,kappa,4.5,van,call,100000,"(1.0, 1.0, 0.03, 4.5, 0.05, 0.5, -0.7, 0.05, 1.5)",,0.12811193710060628,0.12811193710060628,0.12809244333816985,0.0005944235701740904,0.01521619520991273,0.12655963915615623,0.0005785897550063554,1.211673150512926,0.963337866422371,0.05664570233668201,98223.06,1776.94,1.7769400000000002,0.0,0.0,
hes,kappa,4.5,van,put,1000,"(1.0, 1.0, 0.03, 4.5, 0.05, 0.5, -0.7, 0.05, 1.5)",,0.08410941861132949,0.08410941861132949,0.08318728103477464,0.005008096936607239,1.0963547148221964,0.08463791259210715,0.0035289441151450146,0.6283410223293002,0.9962315351783764,0.0027257042634300887,982.42,17.58,1.758,0.0,0.0,
hes,kappa,4.5,van,put,10000,"(1.0, 1.0, 0.03, 4.5, 0.05, 0.5, -0.7, 0.05, 1.5)",,0.08410941861132949,0.08410941861132949,0.0839858737853628,0.0010714839542240032,0.14688583990526563,0.08428524426532767,0.0012460380082272304,0.20904395357988587,0.9443702457193285,0.007313366220332682,9822.7,177.3,1.7730000000000001,0.0,0.0,
hes,kappa,4.5,van,put,100000,"(1.0, 1.0, 0.03, 4.5, 0.05, 0.5, -0.7, 0.05, 1.5)",,0.08410941861132949,0.08410941861132949,0.08425913454946779,0.0004034767644890621,0.17800139462399187,0.08457040913820514,0.0004092745894859099,0.5480843102790791,0.963337866422371,0.05664570233668201,98223.06,1776.94,1.7769400000000002,0.0,0.0,
hes,kappa,4.5,barr,call,1000,"(1.0, 1.0, 0.03, 4.5, 0.05, 0.5, -0.7, 0.05, 1.5)",,0.12061766361638127,0.12061766361638127,0.1210601337376728,0.006078037521255859,0.3668369192581842,0.11870957547772534,0.005999103668166346,1.581930939007827,0.9962315351783764,0.0027257042634300887,982.42,17.58,1.758,0.0,0.0,
hes,kappa,4.5,barr,call,10000,"(1.0, 1.0, 0.03, 4.5, 0.05, 0.5, -0.7, 0.05, 1.5)",,0.12061766361638127,0.12061766361638127,0.12073447631602807,0.001729636389380111,0.09684543386474792,0.11931437684538798,0.0016376302708095132,1.0805107078995704,0.9443702457193285,0.007313366220332682,9822.7,177.3,1.7730000000000001,0.0,0.0,
hes,kappa,4.5,barr,call,100000,"(1.0, 1.0, 0.03, 4.5, 0.05, 0.5, -0.7, 0.05, 1.5)",,0.12061766361638127,0.12061766361638127,0.12060699281920073,0.000591144066581712,0.00884679478991748,0.1190192068073003,0.0006089086501272137,1.3252261411436246,0.963337866422371,0.05664570233668201,98223.06,1776.94,1.7769400000000002,0.0,0.0,
hes,kappa,4.5,barr,put,1000,"(1.0, 1.0, 0.03, 4.5, 0.05, 0.5, -0.7, 0.05, 1.5)",,0.005936395936557066,0.005936395936557066,0.005908772982244614,0.0008577495204403974,0.4653152284258215,0.006017707350769715,0.000817666056901533,1.3697100914702018,0.9962315351783764,0.0027257042634300887,982.42,17.58,1.758,0.0,0.0,
hes,kappa,4.5,barr,put,10000,"(1.0, 1.0, 0.03, 4.5, 0.05, 0.5, -0.7, 0.05, 1.5)",,0.005936395936557066,0.005936395936557066,0.005942570132362699,0.00020078762529509092,0.10400579529427625,0.006066200533136477,0.00023363288388610952,2.1865892701000256,0.9443702457193285,0.007313366220332682,9822.7,177.3,1.7730000000000001,0.0,0.0,
hes,kappa,4.5,barr,put,100000,"(1.0, 1.0, 0.03, 4.5, 0.05, 0.5, -0.7, 0.05, 1.5)",,0.005936395936557066,0.005936395936557066,0.005925350071393864,6.89742738922514e-05,0.18607022309917046,0.00605234540431424,7.396724552549241e-05,1.9531963332018103,0.963337866422371,0.05664570233668201,98223.06,1776.94,1.7769400000000002,0.0,0.0,
hes,theta,0.035,van,call,1000,"(1.0, 1.0, 0.03, 2, 0.035, 0.5, -0.7, 0.05, 1.5)",,0.11352061652564492,0.11352061652564492,0.1132854700943538,0.004024949399168498,0.20713984691758486,0.11216505252160576,0.004310896351920912,1.1941126163043099,0.9898026102007134,0.0019652666023466736,977.0,23.0,2.3,0.0,0.0,
hes,theta,0.035,van,call,10000,"(1.0, 1.0, 0.03, 2, 0.035, 0.5, -0.7, 0.05, 1.5)",,0.11352061652564492,0.11352061652564492,0.11308624160077242,0.0011201170448150609,0.38263968093793044,0.11261978794994781,0.001279997782488895,0.7935374236569667,0.9804927759198472,0.00752044849912636,9783.56,216.44,2.1644,0.0,0.0,
hes,theta,0.035,van,call,100000,"(1.0, 1.0, 0.03, 2, 0.035, 0.5, -0.7, 0.05, 1.5)",,0.11352061652564492,0.11352061652564492,0.11311846516809711,0.0004179908322778698,0.3542540287886527,0.11255018585302565,0.00040055492698100824,0.8548497200947183,1.0337059911416144,0.055946401703404265,97789.04,2210.96,2.2109599999999996,0.0,0.0,
hes,theta,0.035,van,put,1000,"(1.0, 1.0, 0.03, 2, 0.035, 0.5, -0.7, 0.05, 1.5)",,0.06951809803687013,0.06951809803687013,0.06903134406610262,0.004306508155230457,0.7001830955003343,0.06973381170123799,0.003422815768574143,0.31029857038587444,0.9898026102007134,0.0019652666023466736,977.0,23.0,2.3,0.0,0.0,
hes,theta,0.035,van,put,10000,"(1.0, 1.0, 0.03, 2, 0.035, 0.5, -0.7, 0.05, 1.5)",,0.06951809803687013,0.06951809803687013,0.06917795530604864,0.001184462293032205,0.4892865892865591,0.06945585831394353,0.0011786102829391084,0.08953024418704503,0.9804927759198472,0.00752044849912636,9783.56,216.44,2.1644,0.0,0.0,
hes,theta,0.035,van,put,100000,"(1.0, 1.0, 0.03, 2, 0.035, 0.5, -0.7, 0.05, 1.5)",,0.06951809803687013,0.06951809803687013,0.06900259003878698,0.0003988798850045176,0.7415450258862772,0.06955431960148724,0.0003825037103389453,0.05210379115650615,1.0337059911416144,0.055946401703404265,97789.04,2210.96,2.2109599999999996,0.0,0.0,
hes,theta,0.035,barr,call,1000,"(1.0, 1.0, 0.03, 2, 0.035, 0.5, -0.7, 0.05, 1.5)",,0.10746088130168203,0.10746088130168203,0.10733689982547798,0.003554486133688694,0.11537358962839336,0.1060704933303336,0.004440908970964177,1.2938549865835467,0.9898026102007134,0.0019652666023466736,977.0,23.0,2.3,0.0,0.0,
hes,theta,0.035,barr,call,10000,"(1.0, 1.0, 0.03, 2, 0.035, 0.5, -0.7, 0.05, 1.5)",,0.10746088130168203,0.10746088130168203,0.10709242862911711,0.0011034165413038213,0.3428714413113216,0.10675775917456354,0.0013113065606766285,0.6543051932959452,0.9804927759198472,0.00752044849912636,9783.56,216.44,2.1644,0.0,0.0,
hes,theta,0.035,barr,call,100000,"(1.0, 1.0, 0.03, 2, 0.035, 0.5, -0.7, 0.05, 1.5)",,0.10746088130168203,0.10746088130168203,0.10710050983303249,0.000430648569986982,0.33535130578154604,0.10665146415919463,0.00040204143782011215,0.7532202720495781,1.0337059911416144,0.055946401703404265,97789.04,2210.96,2.2109599999999996,0.0,0.0,
hes,theta,0.035,barr,put,1000,"(1.0, 1.0, 0.03, 2, 0.035, 0.5, -0.7, 0.05, 1.5)",,0.005678893404491705,0.005678893404491705,0.005679757062912435,0.0006396361575658837,0.015208216798846902,0.005635789462902971,0.0007929259672269088,0.7590200857554605,0.9898026102007134,0.0019652666023466736,977.0,23.0,2.3,0.0,0.0,
hes,theta,0.035,barr,put,10000,"(1.0, 1.0, 0.03, 2, 0.035, 0.5, -0.7, 0.05, 1.5)",,0.005678893404491705,0.005678893404491705,0.005626198497507935,0.00021891836354513786,0.9279080135945349,0.00574376611179257,0.00026784467141953026,1.1423476843138882,0.9804927759198472,0.00752044849912636,9783.56,216.44,2.1644,0.0,0.0,
hes,theta,0.035,barr,put,100000,"(1.0, 1.0, 0.03, 2, 0.035, 0.5, -0.7, 0.05, 1.5)",,0.005678893404491705,0.005678893404491705,0.005637037281997194,6.966812460900291e-05,0.737047158895515,0.00575963937890805,8.602284342648276e-05,1.4218610680820258,1.0337059911416144,0.055946401703404265,97789.04,2210.96,2.2109599999999996,0.0,0.0,
hes,theta,0.15,van,call,1000,"(1.0, 1.0, 0.03, 2, 0.15, 0.5, -0.7, 0.05, 1.5)",,0.1801173271636831,0.1801173271636831,0.1802797623257841,0.007684520395517174,0.090182973875357,0.17876243752822682,0.007805555081318505,0.7522261499167162,0.8896017511811806,0.002251003533601761,983.9,16.1,1.61,0.0,0.0,
hes,theta,0.15,van,call,10000,"(1.0, 1.0, 0.03, 2, 0.15, 0.5, -0.7, 0.05, 1.5)",,0.1801173271636831,0.1801173271636831,0.1798022017969107,0.002807284379412977,0.17495560906587124,0.1784544592432898,0.0024849801700565855,0.9232137443846015,0.9010821513022529,0.007188954737503081,9847.54,152.46,1.5245999999999997,0.0,0.0,
hes,theta,0.15,van,call,100000,"(1.0, 1.0, 0.03, 2, 0.15, 0.5, -0.7, 0.05, 1.5)",,0.1801173271636831,0.1801173271636831,0.18019457870933503,0.0007029811351500991,0.04288956918716528,0.17795270919689007,0.0007680794130559296,1.2017821943504081,0.9105911523185205,0.056012026778189464,98448.04,1551.96,1.55196,0.0,0.0,
hes,theta,0.15,van,put,1000,"(1.0, 1.0, 0.03, 2, 0.15, 0.5, -0.7, 0.05, 1.5)",,0.13611480867595643,0.13611480867595643,0.1369930114656157,0.006921454775774312,0.6451926856467046,0.13654505415829207,0.005146214806489289,0.3160901348801137,0.8896017511811806,0.002251003533601761,983.9,16.1,1.61,0.0,0.0,
hes,theta,0.15,van,put,10000,"(1.0, 1.0, 0.03, 2, 0.15, 0.5, -0.7, 0.05, 1.5)",,0.13611480867595643,0.13611480867595643,0.13623267448947848,0.0021244350172372802,0.08659293920226484,0.13545333441800403,0.002058726581947922,0.4859678857773311,0.9010821513022529,0.007188954737503081,9847.54,152.46,1.5245999999999997,0.0,0.0,
hes,theta,0.15,van,put,100000,"(1.0, 1.0, 0.03, 2, 0.15, 0.5, -0.7, 0.05, 1.5)",,0.13611480867595643,0.13611480867595643,0.1360855913519066,0.0006726074876253779,0.021465205978724314,0.13552314492619,0.0006276111872925475,0.43467992610193357,0.9105911523185205,0.056012026778189464,98448.04,1551.96,1.55196,0.0,0.0,
hes,theta,0.15,barr,call,1000,"(1.0, 1.0, 0.03, 2, 0.15, 0.5, -0.7, 0.05, 1.5)",,0.14777938891675307,0.14777938891675307,0.14769461658826055,0.007226061878500114,0.05736410815738016,0.14699509094673893,0.008331210108552454,0.5307221634648602,0.8896017511811806,0.002251003533601761,983.9,16.1,1.61,0.0,0.0,
hes,theta,0.15,barr,call,10000,"(1.0, 1.0, 0.03, 2, 0.15, 0.5, -0.7, 0.05, 1.5)",,0.14777938891675307,0.14777938891675307,0.14747792764625867,0.0026298497830377185,0.20399412442030487,0.14608090825754505,0.002672683581629743,1.1493352839378772,0.9010821513022529,0.007188954737503081,9847.54,152.46,1.5245999999999997,0.0,0.0,
hes,theta,0.15,barr,call,100000,"(1.0, 1.0, 0.03, 2, 0.15, 0.5, -0.7, 0.05, 1.5)",,0.14777938891675307,0.14777938891675307,0.1478210099244199,0.0007172882848412147,0.028164284594705543,0.1457954571931235,0.0007901400746301941,1.3424955524394229,0.9105911523185205,0.056012026778189464,98448.04,1551.96,1.55196,0.0,0.0,
hes,theta,0.15,barr,put,1000,"(1.0, 1.0, 0.03, 2, 0.15, 0.5, -0.7, 0.05, 1.5)",,0.0026292948847572747,0.0026292948847572747,0.00267824825034769,0.0005076940013650447,1.8618438682633471,0.0027579466866800616,0.00047529603941173505,4.893015335351533,0.8896017511811806,0.002251003533601761,983.9,16.1,1.61,0.0,0.0,
hes,theta,0.15,barr,put,10000,"(1.0, 1.0, 0.03, 2, 0.15, 0.5, -0.7, 0.05, 1.5)",,0.0026292948847572747,0.0026292948847572747,0.0026641855972919515,0.00012444631013971212,1.326998836720352,0.0026857716415024375,0.00013809171585343384,2.147981083163158,0.9010821513022529,0.007188954737503081,9847.54,152.46,1.5245999999999997,0.0,0.0,
hes,theta,0.15,barr,put,100000,"(1.0, 1.0, 0.03, 2, 0.15, 0.5, -0.7, 0.05, 1.5)",,0.0026292948847572747,0.0026292948847572747,0.002640434295080114,5.4435581587381366e-05,0.42366530994364693,0.0026601028268540008,5.0682035916970624e-05,1.1717187857219025,0.9105911523185205,0.056012026778189464,98448.04,1551.96,1.55196,0.0,0.0,
hes,xi,0.15,van,call,1000,"(1.0, 1.0, 0.03, 2, 0.05, 0.15, -0.7, 0.05, 1.5)",,0.12947662668569546,0.12947662668569546,0.1297552147762743,0.005000752458924027,0.21516477352713162,0.12738144465668957,0.0056877548708450945,1.6181932466405207,0.9505729184404481,0.0020407544414047154,980.76,19.24,1.9240000000000002,0.0,0.0,
hes,xi,0.15,van,call,10000,"(1.0, 1.0, 0.03, 2, 0.05, 0.15, -0.7, 0.05, 1.5)",,0.12947662668569546,0.12947662668569546,0.12976786094978057,0.0017869566156058325,0.22493192133595466,0.1275470763389864,0.0021558201573611555,1.490269244805888,0.9448784650996095,0.007148799982387572,9805.4,194.6,1.9460000000000002,0.0,0.0,
hes,xi,0.15,van,call,100000,"(1.0, 1.0, 0.03, 2, 0.05, 0.15, -0.7, 0.05, 1.5)",,0.12947662668569546,0.12947662668569546,0.12937749150520733,0.0005803068551293459,0.07656608225419351,0.1274682769376039,0.0005925824066026617,1.55112918794743,0.9949137939419598,0.05647725678165443,98082.94,1917.06,1.9170600000000002,0.0,0.0,
hes,xi,0.15,van,put,1000,"(1.0, 1.0, 0.03, 2, 0.05, 0.15, -0.7, 0.05, 1.5)",,0.08547410819612791,0.08547410819612791,0.08488409572693438,0.004676633196380146,0.690282100211793,0.08451983742564485,0.003981265915140556,1.1164442550174383,0.9505729184404481,0.0020407544414047154,980.76,19.24,1.9240000000000002,0.0,0.0,
hes,xi,0.15,van,put,10000,"(1.0, 1.0, 0.03, 2, 0.05, 0.15, -0.7, 0.05, 1.5)",,0.08547410819612791,0.08547410819612791,0.08543919791338254,0.0011240523665432458,0.040843108494636945,0.08498376802162631,0.0013508768905456056,0.5736710038278148,0.9448784650996095,0.007148799982387572,9805.4,194.6,1.9460000000000002,0.0,0.0,
hes,xi,0.15,van,put,100000,"(1.0, 1.0, 0.03, 2, 0.05, 0.15, -0.7, 0.05, 1.5)",,0.08547410819612791,0.08547410819612791,0.08559921641523446,0.0003144393040175975,0.1463697273324914,0.08494662181224215,0.0004661542502112705,0.61713002336965,0.9949137939419598,0.05647725678165443,98082.94,1917.06,1.9170600000000002,0.0,0.0,
hes,xi,0.15,barr,call,1000,"(1.0, 1.0, 0.03, 2, 0.05, 0.15, -0.7, 0.05, 1.5)",,0.12215346361196572,0.12215346361196572,0.12241272656113722,0.004874002092794689,0.21224363313600306,0.12003815155655899,0.0054890659194355255,1.7316840577900081,0.9505729184404481,0.0020407544414047154,980.76,19.24,1.9240000000000002,0.0,0.0,
hes,xi,0.15,barr,call,10000,"(1.0, 1.0, 0.03, 2, 0.05, 0.15, -0.7, 0.05, 1.5)",,0.12215346361196572,0.12215346361196572,0.12245092905137957,0.0017288737493395907,0.2435178099892295,0.12031558014064365,0.002116944494869899,1.5045692663781582,0.9448784650996095,0.007148799982387572,9805.4,194.6,1.9460000000000002,0.0,0.0,
hes,xi,0.15,barr,call,100000,"(1.0, 1.0, 0.03, 2, 0.05, 0.15, -0.7, 0.05, 1.5)",,0.12215346361196572,0.12215346361196572,0.12209078273085465,0.0005788279550635938,0.05131322457640776,0.12015298716010238,0.0005893940840881051,1.637674768042664,0.9949137939419598,0.05647725678165443,98082.94,1917.06,1.9170600000000002,0.0,0.0,
hes,xi,0.15,barr,put,1000,"(1.0, 1.0, 0.03, 2, 0.05, 0.15, -0.7, 0.05, 1.5)",,0.007580707705010359,0.007580707705010359,0.007459257945296604,0.0008922306298268595,1.6020899952847958,0.007616065943253786,0.0008664852145683956,0.4664239754298573,0.9505729184404481,0.0020407544414047154,980.76,19.24,1.9240000000000002,0.0,0.0,
hes,xi,0.15,barr,put,10000,"(1.0, 1.0, 0.03, 2, 0.05, 0.15, -0.7, 0.05, 1.5)",,0.007580707705010359,0.007580707705010359,0.007615680294374189,0.00025303847752330727,0.4613367343093194,0.007680934750423062,0.00029133860004215115,1.3221330951259223,0.9448784650996095,0.007148799982387572,9805.4,194.6,1.9460000000000002,0.0,0.0,
hes,xi,0.15,barr,put,100000,"(1.0, 1.0, 0.03, 2, 0.05, 0.15, -0.7, 0.05, 1.5)",,0.007580707705010359,0.007580707705010359,0.007597217923625642,8.16082122695116e-05,0.2177925763365176,0.007667736373500337,0.00010979749694884673,1.148028282800796,0.9949137939419598,0.05647725678165443,98082.94,1917.06,1.9170600000000002,0.0,0.0,
hes,xi,0.6,van,call,1000,"(1.0, 1.0, 0.03, 2, 0.05, 0.6, -0.7, 0.05, 1.5)",,0.12295725900295659,0.12295725900295659,0.12246267199210402,0.004459386268948425,0.40224303539547906,0.12203514842885894,0.0039720596177330834,0.7499439899481456,0.7654759013431612,0.0026773086073808372,979.04,20.96,2.096,0.0,0.0,
hes,xi,0.6,van,call,10000,"(1.0, 1.0, 0.03, 2, 0.05, 0.6, -0.7, 0.05, 1.5)",,0.12295725900295659,0.12295725900295659,0.12237020399349711,0.0013866637812638626,0.4774464022863113,0.12181699383162284,0.001393702529010872,0.9273671034797024,0.7636534036381636,0.008047569961054251,9792.3,207.7,2.077,0.0,0.0,
hes,xi,0.6,van,call,100000,"(1.0, 1.0, 0.03, 2, 0.05, 0.6, -0.7, 0.05, 1.5)",,0.12295725900295659,0.12295725900295659,0.12235899894771465,0.0004811520286791188,0.4865593622476194,0.12154962782200285,0.0005451121563522104,1.1448134029402015,0.8255023404990789,0.05411732920329086,97921.08,2078.92,2.07892,0.0,0.0,
hes,xi,0.6,van,put,1000,"(1.0, 1.0, 0.03, 2, 0.05, 0.6, -0.7, 0.05, 1.5)",,0.07895474051574417,0.07895474051574417,0.07841577403680644,0.00402054710714189,0.682627129691156,0.07879881318692923,0.004992917308939778,0.19748950828841075,0.7654759013431612,0.0026773086073808372,979.04,20.96,2.096,0.0,0.0,
hes,xi,0.6,van,put,10000,"(1.0, 1.0, 0.03, 2, 0.05, 0.6, -0.7, 0.05, 1.5)",,0.07895474051574417,0.07895474051574417,0.0783974695852772,0.0013273286030963292,0.7058106034251889,0.07863237521088451,0.0012580412570413477,0.40829125997238175,0.7636534036381636,0.008047569961054251,9792.3,207.7,2.077,0.0,0.0,
hes,xi,0.6,van,put,100000,"(1.0, 1.0, 0.03, 2, 0.05, 0.6, -0.7, 0.05, 1.5)",,0.07895474051574417,0.07895474051574417,0.0783609837826104,0.0005148470903822675,0.7520216382895507,0.07882350628909544,0.00046946989205671157,0.16621449933402344,0.8255023404990789,0.05411732920329086,97921.08,2078.92,2.07892,0.0,0.0,
hes,xi,0.6,barr,call,1000,"(1.0, 1.0, 0.03, 2, 0.05, 0.6, -0.7, 0.05, 1.5)",,0.11385897989619743,0.11385897989619743,0.113674418618085,0.004318694367122893,0.16209637419964223,0.11312303448324176,0.00395421238927742,0.64636571803701,0.7654759013431612,0.0026773086073808372,979.04,20.96,2.096,0.0,0.0,
hes,xi,0.6,barr,call,10000,"(1.0, 1.0, 0.03, 2, 0.05, 0.6, -0.7, 0.05, 1.5)",,0.11385897989619743,0.11385897989619743,0.11338359985009822,0.001478585796223322,0.4175165160733145,0.1130257437461798,0.0013192282808195447,0.7318141711591657,0.7636534036381636,0.008047569961054251,9792.3,207.7,2.077,0.0,0.0,
hes,xi,0.6,barr,call,100000,"(1.0, 1.0, 0.03, 2, 0.05, 0.6, -0.7, 0.05, 1.5)",,0.11385897989619743,0.11385897989619743,0.11336942808844692,0.00047385618622962643,0.4299632828230352,0.11266522673382891,0.0005431249697511242,1.0484488473872189,0.8255023404990789,0.05411732920329086,97921.08,2078.92,2.07892,0.0,0.0,
hes,xi,0.6,barr,put,1000,"(1.0, 1.0, 0.03, 2, 0.05, 0.6, -0.7, 0.05, 1.5)",,0.004813940224511736,0.004813940224511736,0.004696444288961506,0.0007192560112044642,2.440743550407235,0.004696056476940805,0.0004939925896266348,2.4487995711015955,0.7654759013431612,0.0026773086073808372,979.04,20.96,2.096,0.0,0.0,
hes,xi,0.6,barr,put,10000,"(1.0, 1.0, 0.03, 2, 0.05, 0.6, -0.7, 0.05, 1.5)",,0.004813940224511736,0.004813940224511736,0.004812732109676123,0.00023417901260767906,0.02509617442819094,0.004797043130635714,0.00015027045899136288,0.3510034002911919,0.7636534036381636,0.008047569961054251,9792.3,207.7,2.077,0.0,0.0,
hes,xi,0.6,barr,put,100000,"(1.0, 1.0, 0.03, 2, 0.05, 0.6, -0.7, 0.05, 1.5)",,0.004813940224511736,0.004813940224511736,0.004784043806101573,6.0592634999165946e-05,0.6210384220796039,0.004831937495845592,6.494902227316232e-05,0.373857391128729,0.8255023404990789,0.05411732920329086,97921.08,2078.92,2.07892,0.0,0.0,
hes,rho,-0.95,van,call,1000,"(1.0, 1.0, 0.03, 2, 0.05, 0.5, -0.95, 0.05, 1.5)",,0.12353761776085817,0.12353761776085817,0.12251063493252003,0.00412116861301327,0.8313118278888606,0.12135014490812907,0.0043643808987443,1.7706937306849926,0.7357699754799251,0.00147791960160248,980.18,19.82,1.982,0.0,0.0,
hes,rho,-0.95,van,call,10000,"(1.0, 1.0, 0.03, 2, 0.05, 0.5, -0.95, 0.05, 1.5)",,0.12353761776085817,0.12353761776085817,0.12326800947427591,0.0014006956699839296,0.21823982967209646,0.12178251138315596,0.001374380377249933,1.4207060242166167,0.7519128500402439,0.004022975459229201,9799.04,200.96,2.0096,0.0,0.0,
hes,rho,-0.95,van,call,100000,"(1.0, 1.0, 0.03, 2, 0.05, 0.5, -0.95, 0.05, 1.5)",,0.12353761776085817,0.12353761776085817,0.12342702402485677,0.00038705754643870354,0.08952231555532346,0.12179585340786278,0.00046322241823196453,1.4099060549856683,0.7886359107022872,0.032157312822528185,97975.72,2024.28,2.02428,0.0,0.0,
hes,rho,-0.95,van,put,1000,"(1.0, 1.0, 0.03, 2, 0.05, 0.5, -0.95, 0.05, 1.5)",,0.07953509927257754,0.07953509927257754,0.07973311567991805,0.004844555653800926,0.24896732279402184,0.08120774781430602,0.0044657904823369975,2.1030319406481,0.7357699754799251,0.00147791960160248,980.18,19.82,1.982,0.0,0.0,
hes,rho,-0.95,van,put,10000,"(1.0, 1.0, 0.03, 2, 0.05, 0.5, -0.95, 0.05, 1.5)",,0.07953509927257754,0.07953509927257754,0.07975682811087069,0.0013705079950775156,0.27878111716847537,0.08031431935411064,0.0016382363917312437,0.9797184999576153,0.7519128500402439,0.004022975459229201,9799.04,200.96,2.0096,0.0,0.0,
hes,rho,-0.95,van,put,100000,"(1.0, 1.0, 0.03, 2, 0.05, 0.5, -0.95, 0.05, 1.5)",,0.07953509927257754,0.07953509927257754,0.0794783741968028,0.000437729050797572,0.07132080841483163,0.08035371962462078,0.0004397886279079635,1.0292567175124925,0.7886359107022872,0.032157312822528185,97975.72,2024.28,2.02428,0.0,0.0,
hes,rho,-0.95,barr,call,1000,"(1.0, 1.0, 0.03, 2, 0.05, 0.5, -0.95, 0.05, 1.5)",,0.11559341533154031,0.11559341533154031,0.11469955019164273,0.004285134273790357,0.77328378725885,0.1134508111259673,0.0041609322373115185,1.8535694264484526,0.7357699754799251,0.00147791960160248,980.18,19.82,1.982,0.0,0.0,
hes,rho,-0.95,barr,call,10000,"(1.0, 1.0, 0.03, 2, 0.05, 0.5, -0.95, 0.05, 1.5)",,0.11559341533154031,0.11559341533154031,0.11530450473535891,0.00146672505559949,0.2499368976621702,0.11392909318084249,0.0013745729459678669,1.4398070564177763,0.7519128500402439,0.004022975459229201,9799.04,200.96,2.0096,0.0,0.0,
hes,rho,-0.95,barr,call,100000,"(1.0, 1.0, 0.03, 2, 0.05, 0.5, -0.95, 0.05, 1.5)",,0.11559341533154031,0.11559341533154031,0.11550561080556873,0.0004057404844570427,0.07595979902466352,0.11392940230759742,0.0004568952952615477,1.4395396304973263,0.7886359107022872,0.032157312822528185,97975.72,2024.28,2.02428,0.0,0.0,
hes,rho,-0.95,barr,put,1000,"(1.0, 1.0, 0.03, 2, 0.05, 0.5, -0.95, 0.05, 1.5)",,0.0037236562702428273,0.0037236562702428273,0.0038109411128856283,0.0005310841927719098,2.3440628325532575,0.0038071813194039657,0.0005999930062513919,2.2430923559894405,0.7357699754799251,0.00147791960160248,980.18,19.82,1.982,0.0,0.0,
hes,rho,-0.95,barr,put,10000,"(1.0, 1.0, 0.03, 2, 0.05, 0.5, -0.95, 0.05, 1.5)",,0.0037236562702428273,0.0037236562702428273,0.003725835555880458,0.00018186520391573886,0.05852542446105914,0.0037248581890866233,0.00019683738779232446,0.032277921391426614,0.7519128500402439,0.004022975459229201,9799.04,200.96,2.0096,0.0,0.0,
hes,rho,-0.95,barr,put,100000,"(1.0, 1.0, 0.03, 2, 0.05, 0.5, -0.95, 0.05, 1.5)",,0.0037236562702428273,0.0037236562702428273,0.003718160775154033,6.145931264169218e-05,0.14758330764069513,0.0037536430495032874,5.5311067932872346e-05,0.8053047081734146,0.7886359107022872,0.032157312822528185,97975.72,2024.28,2.02428,0.0,0.0,
hes,rho,-0.05,van,call,1000,"(1.0, 1.0, 0.03, 2, 0.05, 0.5, -0.05, 0.05, 1.5)",,0.1252763536719359,0.1252763536719359,0.12544817839267236,0.006525234406669019,0.13715654686631365,0.12403419251802304,0.006607692618168348,0.991536804436164,0.737387655180064,0.0018456125783268362,978.14,21.86,2.186,0.0,0.0,
hes,rho,-0.05,van,call,10000,"(1.0, 1.0, 0.03, 2, 0.05, 0.5, -0.05, 0.05, 1.5)",,0.1252763536719359,0.1252763536719359,0.1252888181099739,0.0017134514625018922,0.00994955366487238,0.12434355759971552,0.0019234994678940557,0.7445906947955373,0.7313665422407212,0.004016185118816793,9779.14,220.86,2.2086,0.0,0.0,
hes,rho,-0.05,van,call,100000,"(1.0, 1.0, 0.03, 2, 0.05, 0.5, -0.05, 0.05, 1.5)",,0.1252763536719359,0.1252763536719359,0.12508892461244003,0.0005864743848845763,0.1496124799311243,0.1239017490830094,0.0006195544754908236,1.0972578213173534,0.8195912570995278,0.03211392091936432,97821.04,2178.96,2.17896,0.0,0.0,
hes,rho,-0.05,van,put,1000,"(1.0, 1.0, 0.03, 2, 0.05, 0.5, -0.05, 0.05, 1.5)",,0.08127383518193128,0.08127383518193128,0.08061133169644673,0.004351193906191272,0.815149776064508,0.08110672775497793,0.004797362346288436,0.2056103622762206,0.737387655180064,0.0018456125783268362,978.14,21.86,2.186,0.0,0.0,
hes,rho,-0.05,van,put,10000,"(1.0, 1.0, 0.03, 2, 0.05, 0.5, -0.05, 0.05, 1.5)",,0.08127383518193128,0.08127383518193128,0.08088623896460492,0.0011795362391521236,0.47690159626246514,0.08024127540855899,0.0013547996723749889,1.270470097862249,0.7313665422407212,0.004016185118816793,9779.14,220.86,2.2086,0.0,0.0,
hes,rho,-0.05,van,put,100000,"(1.0, 1.0, 0.03, 2, 0.05, 0.5, -0.05, 0.05, 1.5)",,0.08127383518193128,0.08127383518193128,0.08120137887747843,0.00042047154826958415,0.08915083715522601,0.08025965548709763,0.000301528671333333,1.2478550969859048,0.8195912570995278,0.03211392091936432,97821.04,2178.96,2.17896,0.0,0.0,
hes,rho,-0.05,barr,call,1000,"(1.0, 1.0, 0.03, 2, 0.05, 0.5, -0.05, 0.05, 1.5)",,0.11690814078919626,0.11690814078919626,0.11688265644378187,0.006162167118058165,0.021798606360814602,0.11636627430106525,0.006725250853166449,0.463497652492892,0.737387655180064,0.0018456125783268362,978.14,21.86,2.186,0.0,0.0,
hes,rho,-0.05,barr,call,10000,"(1.0, 1.0, 0.03, 2, 0.05, 0.5, -0.05, 0.05, 1.5)",,0.11690814078919626,0.11690814078919626,0.11686848394471397,0.00169263202552663,0.03392137127028322,0.11646537606505604,0.0019296314570645652,0.378728736212299,0.7313665422407212,0.004016185118816793,9779.14,220.86,2.2086,0.0,0.0,
hes,rho,-0.05,barr,call,100000,"(1.0, 1.0, 0.03, 2, 0.05, 0.5, -0.05, 0.05, 1.5)",,0.11690814078919626,0.11690814078919626,0.11671280237501992,0.0005825145011155825,0.16708709321497225,0.1159944492325822,0.0005866269680269637,0.7815465633497535,0.8195912570995278,0.03211392091936432,97821.04,2178.96,2.17896,0.0,0.0,
hes,rho,-0.05,barr,put,1000,"(1.0, 1.0, 0.03, 2, 0.05, 0.5, -0.05, 0.05, 1.5)",,0.011123301160011013,0.011123301160011013,0.011333035681216139,0.0010720817372870811,1.8855420543600374,0.01089034644994885,0.0008865908147299206,2.0942947305935697,0.737387655180064,0.0018456125783268362,978.14,21.86,2.186,0.0,0.0,
hes,rho,-0.05,barr,put,10000,"(1.0, 1.0, 0.03, 2, 0.05, 0.5, -0.05, 0.05, 1.5)",,0.011123301160011013,0.011123301160011013,0.01128320289627506,0.0003479057643219397,1.4375384965652447,0.011005093517880198,0.00033129150162087477,1.0627028831672742,0.7313665422407212,0.004016185118816793,9779.14,220.86,2.2086,0.0,0.0,
hes,rho,-0.05,barr,put,100000,"(1.0, 1.0, 0.03, 2, 0.05, 0.5, -0.05, 0.05, 1.5)",,0.011123301160011013,0.011123301160011013,0.011182511755818405,9.346422802934695e-05,0.5323113611295333,0.011078323455883186,0.00010765374688117756,0.40435571671407083,0.8195912570995278,0.03211392091936432,97821.04,2178.96,2.17896,0.0,0.0,
hes,Y0,0.005,van,call,1000,"(1.0, 1.0, 0.03, 2, 0.05, 0.5, -0.7, 0.005, 1.5)",,0.10967065710451433,0.10967065710451433,0.10884346093403982,0.0037624817438936253,0.7542547772702843,0.10921896656638116,0.003354346755828658,0.4118608842679897,0.8734428812994156,0.0013770567579194904,977.96,22.04,2.204,0.0,0.0,
hes,Y0,0.005,van,call,10000,"(1.0, 1.0, 0.03, 2, 0.05, 0.5, -0.7, 0.005, 1.5)",,0.10967065710451433,0.10967065710451433,0.10938889304594727,0.0015580593581618998,0.2569183644979361,0.10859696222357894,0.0012377673624749633,0.9790174594396572,0.8591216171014822,0.004194197118049487,9771.62,228.38,2.2838,0.0,0.0,
hes,Y0,0.005,van,call,100000,"(1.0, 1.0, 0.03, 2, 0.05, 0.5, -0.7, 0.005, 1.5)",,0.10967065710451433,0.10967065710451433,0.1094918573408322,0.00039608591587001027,0.16303336590000134,0.1087064298481456,0.0003809886904558983,0.8792025887561129,0.893081804618705,0.03238043827470392,97696.02,2303.98,2.30398,0.0,0.0,
hes,Y0,0.005,van,put,1000,"(1.0, 1.0, 0.03, 2, 0.05, 0.5, -0.7, 0.005, 1.5)",,0.06566813861547906,0.06566813861547906,0.06565124596133051,0.004193631954193591,0.025724277411699737,0.06486101112072377,0.003347429949191677,1.2291006137412124,0.8734428812994156,0.0013770567579194904,977.96,22.04,2.204,0.0,0.0,
hes,Y0,0.005,van,put,10000,"(1.0, 1.0, 0.03, 2, 0.05, 0.5, -0.7, 0.005, 1.5)",,0.06566813861547906,0.06566813861547906,0.06565517163130263,0.0012923868825736049,0.01974623378980248,0.06553984713532848,0.0013412998093695805,0.19536335710958352,0.8591216171014822,0.004194197118049487,9771.62,228.38,2.2838,0.0,0.0,
hes,Y0,0.005,van,put,100000,"(1.0, 1.0, 0.03, 2, 0.05, 0.5, -0.7, 0.005, 1.5)",,0.06566813861547906,0.06566813861547906,0.06541374996838095,0.0003660595308443541,0.38738519541064304,0.06559775270208124,0.0003916491628997604,0.10718426756386047,0.893081804618705,0.03238043827470392,97696.02,2303.98,2.30398,0.0,0.0,
hes,Y0,0.005,barr,call,1000,"(1.0, 1.0, 0.03, 2, 0.05, 0.5, -0.7, 0.005, 1.5)",,0.10502179799882744,0.10502179799882744,0.10410450001088332,0.0035915024917778865,0.8734358061117506,0.10480937412270663,0.0034670906931711085,0.20226646293293882,0.8734428812994156,0.0013770567579194904,977.96,22.04,2.204,0.0,0.0,
hes,Y0,0.005,barr,call,10000,"(1.0, 1.0, 0.03, 2, 0.05, 0.5, -0.7, 0.005, 1.5)",,0.10502179799882744,0.10502179799882744,0.10478356687213958,0.0015018828344748603,0.2268396954035389,0.10404869936391763,0.0011636549747658256,0.9265682491178407,0.8591216171014822,0.004194197118049487,9771.62,228.38,2.2838,0.0,0.0,
hes,Y0,0.005,barr,call,100000,"(1.0, 1.0, 0.03, 2, 0.05, 0.5, -0.7, 0.005, 1.5)",,0.10502179799882744,0.10502179799882744,0.10489652846947115,0.00040085527764351515,0.11927955123915401,0.10417047749852176,0.0004197779632667402,0.8106131455825765,0.893081804618705,0.03238043827470392,97696.02,2303.98,2.30398,0.0,0.0,
hes,Y0,0.005,barr,put,1000,"(1.0, 1.0, 0.03, 2, 0.05, 0.5, -0.7, 0.005, 1.5)",,0.006958437821566572,0.006958437821566572,0.007109196865877301,0.0008416963841393437,2.166564510262279,0.006922538350194175,0.0008731940155421525,0.5159127995817226,0.8734428812994156,0.0013770567579194904,977.96,22.04,2.204,0.0,0.0,
hes,Y0,0.005,barr,put,10000,"(1.0, 1.0, 0.03, 2, 0.05, 0.5, -0.7, 0.005, 1.5)",,0.006958437821566572,0.006958437821566572,0.006942936671254868,0.00023036229877254917,0.22276767730338748,0.006932502069982621,0.00021846379974337142,0.3727237671588742,0.8591216171014822,0.004194197118049487,9771.62,228.38,2.2838,0.0,0.0,
hes,Y0,0.005,barr,put,100000,"(1.0, 1.0, 0.03, 2, 0.05, 0.5, -0.7, 0.005, 1.5)",,0.006958437821566572,0.006958437821566572,0.0069720642111106125,8.233785099233723e-05,0.19582541216086624,0.006873345198725469,7.973540815086949e-05,1.2228696299817816,0.893081804618705,0.03238043827470392,97696.02,2303.98,2.30398,0.0,0.0,
hes,Y0,0.15,van,call,1000,"(1.0, 1.0, 0.03, 2, 0.05, 0.5, -0.7, 0.15, 1.5)",,0.15211775660403326,0.15211775660403326,0.15428861299910432,0.005623345961802017,1.427089409898318,0.15069345238766604,0.007133306977576331,0.9363168693545229,0.85961243995931,0.0014647343230899423,982.36,17.64,1.764,0.0,0.0,
hes,Y0,0.15,van,call,10000,"(1.0, 1.0, 0.03, 2, 0.05, 0.5, -0.7, 0.15, 1.5)",,0.15211775660403326,0.15211775660403326,0.15194412079079747,0.0023125423722805505,0.11414565735923153,0.150232171449584,0.002416535999083502,1.239556246781554,0.8339985893992707,0.004260110781760886,9823.22,176.78,1.7677999999999998,0.0,0.0,
hes,Y0,0.15,van,call,100000,"(1.0, 1.0, 0.03, 2, 0.05, 0.5, -0.7, 0.15, 1.5)",,0.15211775660403326,0.15211775660403326,0.15210979295628546,0.0007779869297037449,0.005235186164708673,0.15010523317744803,0.0005425641631081964,1.3230036200335784,0.9075908221607096,0.032257743099471554,98224.68,1775.32,1.7753199999999998,0.0,0.0,
hes,Y0,0.15,van,put,1000,"(1.0, 1.0, 0.03, 2, 0.05, 0.5, -0.7, 0.15, 1.5)",,0.10811523811606784,0.10811523811606784,0.10716146550323614,0.004608560913342941,0.8821814847299922,0.10976478398501689,0.004838899307408569,1.525729303003683,0.85961243995931,0.0014647343230899423,982.36,17.64,1.764,0.0,0.0,
hes,Y0,0.15,van,put,10000,"(1.0, 1.0, 0.03, 2, 0.05, 0.5, -0.7, 0.15, 1.5)",,0.10811523811606784,0.10811523811606784,0.1081595583906639,0.0018635666651586045,0.04099355037121432,0.10917458864284287,0.0016657621555549694,0.9798346146523343,0.8339985893992707,0.004260110781760886,9823.22,176.78,1.7677999999999998,0.0,0.0,
hes,Y0,0.15,van,put,100000,"(1.0, 1.0, 0.03, 2, 0.05, 0.5, -0.7, 0.15, 1.5)",,0.10811523811606784,0.10811523811606784,0.10810132716071308,0.00046946960678840156,0.012866785105560514,0.10917430387584608,0.0005191657323895276,0.9795712225516916,0.9075908221607096,0.032257743099471554,98224.68,1775.32,1.7753199999999998,0.0,0.0,
hes,Y0,0.15,barr,call,1000,"(1.0, 1.0, 0.03, 2, 0.05, 0.5, -0.7, 0.15, 1.5)",,0.13251054875795268,0.13251054875795268,0.13440383505864645,0.005386688045284657,1.4287815713087846,0.13137369589508383,0.007355829003755815,0.8579338577379673,0.85961243995931,0.0014647343230899423,982.36,17.64,1.764,0.0,0.0,
hes,Y0,0.15,barr,call,10000,"(1.0, 1.0, 0.03, 2, 0.05, 0.5, -0.7, 0.15, 1.5)",,0.13251054875795268,0.13251054875795268,0.1324090566463017,0.0023022685600075973,0.07659172239665465,0.13031531896545642,0.0022934244691324877,1.656645310937563,0.8339985893992707,0.004260110781760886,9823.22,176.78,1.7677999999999998,0.0,0.0,
hes,Y0,0.15,barr,call,100000,"(1.0, 1.0, 0.03, 2, 0.05, 0.5, -0.7, 0.15, 1.5)",,0.13251054875795268,0.13251054875795268,0.1325634377949549,0.0007997601541038192,0.03991307673085224,0.13038711700197644,0.0005686425779822871,1.6024624272403796,0.9075908221607096,0.032257743099471554,98224.68,1775.32,1.7753199999999998,0.0,0.0,
hes,Y0,0.15,barr,put,1000,"(1.0, 1.0, 0.03, 2, 0.05, 0.5, -0.7, 0.15, 1.5)",,0.002977463639516415,0.002977463639516415,0.002994340972046317,0.0004602885552400454,0.5668358903164629,0.003032049344668355,0.0006850518464499949,1.8332954407062114,0.85961243995931,0.0014647343230899423,982.36,17.64,1.764,0.0,0.0,
hes,Y0,0.15,barr,put,10000,"(1.0, 1.0, 0.03, 2, 0.05, 0.5, -0.7, 0.15, 1.5)",,0.002977463639516415,0.002977463639516415,0.0029662648636495513,0.00016142284426254718,0.37611797229814986,0.003103919652477281,0.00017403310762175353,4.247105196602981,0.8339985893992707,0.004260110781760886,9823.22,176.78,1.7677999999999998,0.0,0.0,
hes,Y0,0.15,barr,put,100000,"(1.0, 1.0, 0.03, 2, 0.05, 0.5, -0.7, 0.15, 1.5)",,0.002977463639516415,0.002977463639516415,0.0029681564193578523,4.537714812574861e-05,0.31258887715836287,0.0030995285434274357,3.805193768047192e-05,4.099627021166436,0.9075908221607096,0.032257743099471554,98224.68,1775.32,1.7753199999999998,0.0,0.0,
hes,T,0.15,van,call,1000,"(1.0, 1.0, 0.03, 2, 0.05, 0.5, -0.7, 0.05, 0.15)",,0.035930841271101244,0.035930841271101244,0.035266295200814875,0.001311836459045121,1.8495143636418434,0.03528723343386365,0.0016226044524386856,1.791240656965197,0.08278550955932587,0.001420985737349838,937.94,62.06,6.2059999999999995,0.0,0.0,
hes,T,0.15,van,call,10000,"(1.0, 1.0, 0.03, 2, 0.05, 0.5, -0.7, 0.05, 0.15)",,0.035930841271101244,0.035930841271101244,0.035913815173233395,0.0005170152233170563,0.04738574791329191,0.035325122943771395,0.0003788776831038231,1.6857894385484957,0.08154518955911044,0.004062491140794009,9381.36,618.64,6.1864,0.0,0.0,
hes,T,0.15,van,call,100000,"(1.0, 1.0, 0.03, 2, 0.05, 0.5, -0.7, 0.05, 0.15)",,0.035930841271101244,0.035930841271101244,0.03597531504782264,0.00012948978596344626,0.1237760518487177,0.035368792102570844,0.00016295053662573626,1.5642527384474283,0.08111691120197065,0.03313287854311056,93820.32,6179.68,6.179680000000001,0.0,0.0,
hes,T,0.15,van,put,1000,"(1.0, 1.0, 0.03, 2, 0.05, 0.5, -0.7, 0.05, 0.15)",,0.031440951067096906,0.031440951067096906,0.03196057560335321,0.0015386595053695287,1.6526998027107898,0.030443961129269916,0.0015434853768754022,3.1709916652945793,0.08278550955932587,0.001420985737349838,937.94,62.06,6.2059999999999995,0.0,0.0,
hes,T,0.15,van,put,10000,"(1.0, 1.0, 0.03, 2, 0.05, 0.5, -0.7, 0.05, 0.15)",,0.031440951067096906,0.031440951067096906,0.03163931522308513,0.00042494878128597214,0.6309101641515252,0.030764824468120386,0.00042746471278092967,2.150464842916567,0.08154518955911044,0.004062491140794009,9381.36,618.64,6.1864,0.0,0.0,
hes,T,0.15,van,put,100000,"(1.0, 1.0, 0.03, 2, 0.05, 0.5, -0.7, 0.05, 0.15)",,0.031440951067096906,0.031440951067096906,0.031520662467906815,0.00017710806210077427,0.25352732059472455,0.03061969871050095,0.00017115707146221417,2.612046801139549,0.08111691120197065,0.03313287854311056,93820.32,6179.68,6.179680000000001,0.0,0.0,
hes,T,0.15,barr,call,1000,"(1.0, 1.0, 0.03, 2, 0.05, 0.5, -0.7, 0.05, 0.15)",,0.0359288808463313,0.0359288808463313,0.03526457695184613,0.0013123476202258134,1.8489412384605448,0.03528576996027713,0.0016203372627498589,1.789955241870101,0.08278550955932587,0.001420985737349838,937.94,62.06,6.2059999999999995,0.0,0.0,
hes,T,0.15,barr,call,10000,"(1.0, 1.0, 0.03, 2, 0.05, 0.5, -0.7, 0.05, 0.15)",,0.0359288808463313,0.0359288808463313,0.03591272102141928,0.0005170268779686257,0.04497725654505717,0.03532177522290943,0.00037877769401612046,1.689742650260883,0.08154518955911044,0.004062491140794009,9381.36,618.64,6.1864,0.0,0.0,
hes,T,0.15,barr,call,100000,"(1.0, 1.0, 0.03, 2, 0.05, 0.5, -0.7, 0.05, 0.15)",,0.0359288808463313,0.0359288808463313,0.03597361599903831,0.0001296596064500409,0.12451028713737057,0.035366561920431104,0.0001631403760235561,1.5650888996661143,0.08111691120197065,0.03313287854311056,93820.32,6179.68,6.179680000000001,0.0,0.0,
hes,T,0.15,barr,put,1000,"(1.0, 1.0, 0.03, 2, 0.05, 0.5, -0.7, 0.05, 0.15)",,0.024102172841254783,0.024102172841254783,0.024633092482036493,0.0013566084385555118,2.2027874593653025,0.02289642398095962,0.0010951959817904501,5.002656267701002,0.08278550955932587,0.001420985737349838,937.94,62.06,6.2059999999999995,0.0,0.0,
hes,T,0.15,barr,put,10000,"(1.0, 1.0, 0.03, 2, 0.05, 0.5, -0.7, 0.05, 0.15)",,0.024102172841254783,0.024102172841254783,0.024326298756339737,0.00031304675381895163,0.9298992110011195,0.023202923605813296,0.0003429981280070016,3.7309882447705127,0.08154518955911044,0.004062491140794009,9381.36,618.64,6.1864,0.0,0.0,
hes,T,0.15,barr,put,100000,"(1.0, 1.0, 0.03, 2, 0.05, 0.5, -0.7, 0.05, 0.15)",,0.024102172841254783,0.024102172841254783,0.024281798362969967,9.416775492904786e-05,0.7452669221910396,0.02307148393334841,0.00012728337743733964,4.276331908723939,0.08111691120197065,0.03313287854311056,93820.32,6179.68,6.179680000000001,0.0,0.0,
hes,T,2.85,van,call,1000,"(1.0, 1.0, 0.03, 2, 0.05, 0.5, -0.7, 0.05, 2.85)",,0.18290948439502253,0.18290948439502253,0.18380452475969464,0.00691010902899646,0.48933513077929175,0.18190355985361603,0.007234951953290238,0.5499575621972878,1.5809387894364773,0.0014718967583030463,985.52,14.48,1.4479999999999997,0.0,0.0,
hes,T,2.85,van,call,10000,"(1.0, 1.0, 0.03, 2, 0.05, 0.5, -0.7, 0.05, 2.85)",,0.18290948439502253,0.18290948439502253,0.18286806085827909,0.002517559808308994,0.02264701411217109,0.18141555005484453,0.00267027396731767,0.8167615501838095,1.5788979597203434,0.004102698544738814,9857.4,142.6,1.426,0.0,0.0,
hes,T,2.85,van,call,100000,"(1.0, 1.0, 0.03, 2, 0.05, 0.5, -0.7, 0.05, 2.85)",,0.18290948439502253,0.18290948439502253,0.18264274793642796,0.0007386524436218463,0.1458297580777759,0.18148334896884644,0.0007449788717879651,0.7796946292277114,39.42444459558173,0.03303142247837968,98566.26,1433.74,1.4337399999999996,0.0,0.0,
hes,T,2.85,van,put,1000,"(1.0, 1.0, 0.03, 2, 0.05, 0.5, -0.7, 0.05, 2.85)",,0.10096262686159024,0.10096262686159024,0.10035319131053097,0.004526042386181627,0.6036248956703046,0.10081574557080239,0.005992785241984887,0.14548085301822952,1.5809387894364773,0.0014718967583030463,985.52,14.48,1.4479999999999997,0.0,0.0,
hes,T,2.85,van,put,10000,"(1.0, 1.0, 0.03, 2, 0.05, 0.5, -0.7, 0.05, 2.85)",,0.10096262686159024,0.10096262686159024,0.1008096388785858,0.001569049759682177,0.15152932105677114,0.10044292008088179,0.001519522773667366,0.5147516431212884,1.5788979597203434,0.004102698544738814,9857.4,142.6,1.426,0.0,0.0,
hes,T,2.85,van,put,100000,"(1.0, 1.0, 0.03, 2, 0.05, 0.5, -0.7, 0.05, 2.85)",,0.10096262686159024,0.10096262686159024,0.10070294805441073,0.0005191063174855732,0.25720290294695963,0.10082270105942541,0.00045245824940905665,0.13859168141163566,39.42444459558173,0.03303142247837968,98566.26,1433.74,1.4337399999999996,0.0,0.0,
hes,T,2.85,barr,call,1000,"(1.0, 1.0, 0.03, 2, 0.05, 0.5, -0.7, 0.05, 2.85)",,0.15685375913503938,0.15685375913503938,0.1578879660146689,0.006980499370258237,0.6593446566614594,0.15602087996830521,0.007290059694146081,0.5309908868789788,1.5809387894364773,0.0014718967583030463,985.52,14.48,1.4479999999999997,0.0,0.0,
hes,T,2.85,barr,call,10000,"(1.0, 1.0, 0.03, 2, 0.05, 0.5, -0.7, 0.05, 2.85)",,0.15685375913503938,0.15685375913503938,0.15687838923233832,0.0024459540033303744,0.015702586558821143,0.1557688793486961,0.002554244231281515,0.6916504853474876,1.5788979597203434,0.004102698544738814,9857.4,142.6,1.426,0.0,0.0,
hes,T,2.85,barr,call,100000,"(1.0, 1.0, 0.03, 2, 0.05, 0.5, -0.7, 0.05, 2.85)",,0.15685375913503938,0.15685375913503938,0.1566871077036853,0.00073042562626475,0.10624637386637752,0.15594733132598088,0.0007733616062511713,0.5778808324753858,39.42444459558173,0.03303142247837968,98566.26,1433.74,1.4337399999999996,0.0,0.0,
hes,T,2.85,barr,put,1000,"(1.0, 1.0, 0.03, 2, 0.05, 0.5, -0.7, 0.05, 2.85)",,0.002196139809621182,0.002196139809621182,0.002233731006414992,0.0003989357498948506,1.711694156680043,0.0023231622018046938,0.00042614319742883617,5.783893704172791,1.5809387894364773,0.0014718967583030463,985.52,14.48,1.4479999999999997,0.0,0.0,
hes,T,2.85,barr,put,10000,"(1.0, 1.0, 0.03, 2, 0.05, 0.5, -0.7, 0.05, 2.85)",,0.002196139809621182,0.002196139809621182,0.0022080422191217254,0.0001300559225811358,0.5419695708078179,0.00225254667076297,0.00013338244774740345,2.5684549268982115,1.5788979597203434,0.004102698544738814,9857.4,142.6,1.426,0.0,0.0,
hes,T,2.85,barr,put,100000,"(1.0, 1.0, 0.03, 2, 0.05, 0.5, -0.7, 0.05, 2.85)",,0.002196139809621182,0.002196139809621182,0.0022057767923511547,5.0163548567252286e-05,0.438814627727875,0.00225680605938097,3.788403624272925e-05,2.7624038093573127,39.42444459558173,0.03303142247837968,98566.26,1433.74,1.4337399999999996,0.0,0.0,
