model,variable,value,barr_type,option_type,n_samples,eta,closed,fdm,reference,mc_mean,mc_std,mc_rel_error_pct,cvae_mean,cvae_std,cvae_rel_error_pct,mc_seconds_mean,cvae_seconds_mean,error
bs,r,0.0025,van,call,1000,"(1.0, 1.0, 0.0025, np.float64(0.22360679774997896), 1.5)",0.11059216441232439,0.11057465176451191,0.11059216441232439,0.11151016168284418,0.0055617986974341605,0.8300744229014198,0.11200965313487918,0.005939246696795724,1.2817261784206688,0.7010096672200598,0.0034812811168376356,
bs,r,0.0025,van,call,10000,"(1.0, 1.0, 0.0025, np.float64(0.22360679774997896), 1.5)",0.11059216441232439,0.11057465176451191,0.11059216441232439,0.11025302453067931,0.0016866754495745487,0.3066581465759656,0.11070097011429368,0.0017852673147232682,0.09838463922600146,0.8158242326014442,0.009935585795901716,
bs,r,0.0025,van,call,100000,"(1.0, 1.0, 0.0025, np.float64(0.22360679774997896), 1.5)",0.11059216441232439,0.11057465176451191,0.11059216441232439,0.11066602309018314,0.0005943935646311438,0.06678472950703958,0.11055027147858051,0.0005740681983542314,0.03788056230429201,0.7843229708803119,0.08102929562097415,
bs,r,0.0025,van,put,1000,"(1.0, 1.0, 0.0025, np.float64(0.22360679774997896), 1.5)",0.10684918688149547,0.10683167423349431,0.10684918688149547,0.1057265468303473,0.004596931563600774,1.0506772058015539,0.10595719648873227,0.004124152992414308,0.8348125229558337,0.7010096672200598,0.0034812811168376356,
bs,r,0.0025,van,put,10000,"(1.0, 1.0, 0.0025, np.float64(0.22360679774997896), 1.5)",0.10684918688149547,0.10683167423349431,0.10684918688149547,0.10693689897444365,0.0012850054946007168,0.08208962137022205,0.10638597638031644,0.0012976303273743663,0.433518040425308,0.8158242326014442,0.009935585795901716,
bs,r,0.0025,van,put,100000,"(1.0, 1.0, 0.0025, np.float64(0.22360679774997896), 1.5)",0.10684918688149547,0.10683167423349431,0.10684918688149547,0.10674661144375547,0.0004233254584972016,0.09600020433825962,0.10644764129514056,0.0005115564806815169,0.3758059355194338,0.7843229708803119,0.08102929562097415,
bs,r,0.0025,barr,call,1000,"(1.0, 1.0, 0.0025, np.float64(0.22360679774997896), 1.5)",0.10464998965748554,0.10463176825974499,0.10464998965748554,0.10562651996643532,0.005886988717970273,0.9331394223218971,0.10657850337698217,0.00591724387380887,1.8428226565607602,0.7010096672200598,0.0034812811168376356,
bs,r,0.0025,barr,call,10000,"(1.0, 1.0, 0.0025, np.float64(0.22360679774997896), 1.5)",0.10464998965748554,0.10463176825974499,0.10464998965748554,0.1042357888409755,0.0016444825175890914,0.3957963281847454,0.10513251804899129,0.0019125346180528357,0.46108785398359514,0.8158242326014442,0.009935585795901716,
bs,r,0.0025,barr,call,100000,"(1.0, 1.0, 0.0025, np.float64(0.22360679774997896), 1.5)",0.10464998965748554,0.10463176825974499,0.10464998965748554,0.10474470285718324,0.0005966193521240086,0.09050473870823199,0.10500115627144067,0.0005809493162827682,0.3355629705310898,0.7843229708803119,0.08102929562097415,
bs,r,0.0025,barr,put,1000,"(1.0, 1.0, 0.0025, np.float64(0.22360679774997896), 1.5)",0.010501608102948007,0.010482353903678555,0.010501608102948007,0.01070910370586652,0.0011973083561489404,1.9758459931509529,0.010555437546263185,0.0008188063882211584,0.5125828614768725,0.7010096672200598,0.0034812811168376356,
bs,r,0.0025,barr,put,10000,"(1.0, 1.0, 0.0025, np.float64(0.22360679774997896), 1.5)",0.010501608102948007,0.010482353903678555,0.010501608102948007,0.010414464819822097,0.00028131794142031047,0.8298089423223348,0.010772206372455401,0.00028079050855771135,2.576731742935941,0.8158242326014442,0.009935585795901716,
bs,r,0.0025,barr,put,100000,"(1.0, 1.0, 0.0025, np.float64(0.22360679774997896), 1.5)",0.010501608102948007,0.010482353903678555,0.010501608102948007,0.010497426245816283,9.350775340433281e-05,0.0398211120690171,0.010779414735429226,0.0001022147602440993,2.6453723063921317,0.7843229708803119,0.08102929562097415,
bs,r,0.0975,van,call,1000,"(1.0, 1.0, 0.0975, np.float64(0.22360679774997896), 1.5)",0.1835544432955365,0.1835360702352114,0.1835544432955365,0.18182339274183107,0.006205707188920232,0.9430719968561615,0.18363640511725499,0.005652158152364711,0.0446525947544215,0.8041927503002807,0.0035396574868354945,
bs,r,0.0975,van,call,10000,"(1.0, 1.0, 0.0975, np.float64(0.22360679774997896), 1.5)",0.1835544432955365,0.1835360702352114,0.1835544432955365,0.18322953079956622,0.0021249491137471837,0.17701151229945536,0.18394272198105224,0.002102956472747628,0.21153325331961004,0.8448097745404811,0.01002398825599812,
bs,r,0.0975,van,call,100000,"(1.0, 1.0, 0.0975, np.float64(0.22360679774997896), 1.5)",0.1835544432955365,0.1835360702352114,0.1835544432955365,0.18345862727078494,0.0006307933276311478,0.05220032979386364,0.1837802956190245,0.0008334426959660198,0.12304377896446422,0.7225203732604859,0.08078087412170135,
bs,r,0.0975,van,put,1000,"(1.0, 1.0, 0.0975, np.float64(0.22360679774997896), 1.5)",0.047496134057061046,0.04747775098733075,0.047496134057061046,0.04763739232217376,0.002618178866858729,0.2974100269782157,0.04704292009785134,0.002439763552484469,0.9542123126594306,0.8041927503002807,0.0035396574868354945,
bs,r,0.0975,van,put,10000,"(1.0, 1.0, 0.0975, np.float64(0.22360679774997896), 1.5)",0.047496134057061046,0.04747775098733075,0.047496134057061046,0.04774269894384593,0.0006894442608999802,0.5191262229651522,0.04730542963892745,0.0007903606494595373,0.4015156642106661,0.8448097745404811,0.01002398825599812,
bs,r,0.0975,van,put,100000,"(1.0, 1.0, 0.0975, np.float64(0.22360679774997896), 1.5)",0.047496134057061046,0.04747775098733075,0.047496134057061046,0.04753078045602924,0.000240265049869568,0.07294572422792876,0.04736582798685162,0.00030653778319348517,0.2743508978075516,0.7225203732604859,0.08078087412170135,
bs,r,0.0975,barr,call,1000,"(1.0, 1.0, 0.0975, np.float64(0.22360679774997896), 1.5)",0.17621943142178045,0.17619818659327652,0.17621943142178045,0.17470966587691755,0.006422610082295995,0.8567531586509797,0.17641075391375563,0.005832324055954356,0.10857059884460019,0.8041927503002807,0.0035396574868354945,
bs,r,0.0975,barr,call,10000,"(1.0, 1.0, 0.0975, np.float64(0.22360679774997896), 1.5)",0.17621943142178045,0.17619818659327652,0.17621943142178045,0.17594296823280886,0.0021420694559682847,0.15688575700251778,0.17678165984786642,0.002105315343065428,0.3190501873430057,0.8448097745404811,0.01002398825599812,
bs,r,0.0975,barr,call,100000,"(1.0, 1.0, 0.0975, np.float64(0.22360679774997896), 1.5)",0.17621943142178045,0.17619818659327652,0.17621943142178045,0.17611815233605552,0.0006249377525765747,0.0574732791428238,0.17665732094399897,0.0008147696241940231,0.2484910538443565,0.7225203732604859,0.08078087412170135,
bs,r,0.0975,barr,put,1000,"(1.0, 1.0, 0.0975, np.float64(0.22360679774997896), 1.5)",0.006855113207970498,0.006844420360083614,0.006855113207970498,0.006904954309715554,0.0006821462253212846,0.7270646046677305,0.006934062937842143,0.0008181631064151744,1.1516911169293222,0.8041927503002807,0.0035396574868354945,
bs,r,0.0975,barr,put,10000,"(1.0, 1.0, 0.0975, np.float64(0.22360679774997896), 1.5)",0.006855113207970498,0.006844420360083614,0.006855113207970498,0.006891257749117131,0.00018953763118179236,0.527263956846216,0.006944993019957391,0.00022614095517515932,1.3111353417532012,0.8448097745404811,0.01002398825599812,
bs,r,0.0975,barr,put,100000,"(1.0, 1.0, 0.0975, np.float64(0.22360679774997896), 1.5)",0.006855113207970498,0.006844420360083614,0.006855113207970498,0.0068599887772376415,8.127515662430979e-05,0.07112310357580451,0.006943643506611066,6.4326642772957e-05,1.291449111848845,0.7225203732604859,0.08078087412170135,
bs,sigma,0.05,van,call,1000,"(1.0, 1.0, 0.03, 0.05, 1.5)",0.05206163528407581,0.051967567053264704,0.05206163528407581,0.05226130110500818,0.0018288425840322052,0.38351815082811574,0.051520839821104225,0.0019189784656106588,1.038760038982107,0.809403753860679,0.0034107554471120237,
bs,sigma,0.05,van,call,10000,"(1.0, 1.0, 0.03, 0.05, 1.5)",0.05206163528407581,0.051967567053264704,0.05206163528407581,0.051983919592450197,0.000530956098155556,0.1492763168147889,0.051548610443938755,0.0004330822489477602,0.9854182208025605,0.8083670347576845,0.009990862919948995,
bs,sigma,0.05,van,call,100000,"(1.0, 1.0, 0.03, 0.05, 1.5)",0.05206163528407581,0.051967567053264704,0.05206163528407581,0.05204369519254274,0.00016874725867540061,0.034459331588766226,0.05145546727621777,0.0001583698887853706,1.164327636945078,0.7141162077209446,0.08060782432090491,
bs,sigma,0.05,van,put,1000,"(1.0, 1.0, 0.03, 0.05, 1.5)",0.008059117117175774,0.00796504856371558,0.008059117117175774,0.00792387946234325,0.0006084720594316805,1.678070350216174,0.008301441929671038,0.000583729956679214,3.00684068703774,0.809403753860679,0.0034107554471120237,
bs,sigma,0.05,van,put,10000,"(1.0, 1.0, 0.03, 0.05, 1.5)",0.008059117117175774,0.00796504856371558,0.008059117117175774,0.008072309807884674,0.00018947120104039752,0.16369895755434113,0.008080875858836975,0.00017499427229532,0.26998914825085085,0.8083670347576845,0.009990862919948995,
bs,sigma,0.05,van,put,100000,"(1.0, 1.0, 0.03, 0.05, 1.5)",0.008059117117175774,0.00796504856371558,0.008059117117175774,0.00805599635288501,6.060693657331151e-05,0.03872340165043801,0.008097993272106871,6.577379941376021e-05,0.48238726855382097,0.7141162077209446,0.08060782432090491,
bs,sigma,0.05,barr,call,1000,"(1.0, 1.0, 0.03, 0.05, 1.5)",0.05206163528407465,0.051967567053248294,0.05206163528407465,0.05226130110500818,0.0018288425840322052,0.3835181508303635,0.051520839821104225,0.0019189784656106588,1.0387600389798912,0.809403753860679,0.0034107554471120237,
bs,sigma,0.05,barr,call,10000,"(1.0, 1.0, 0.03, 0.05, 1.5)",0.05206163528407465,0.051967567053248294,0.05206163528407465,0.051983919592450197,0.000530956098155556,0.14927631681255307,0.051548610443938755,0.0004330822489477602,0.9854182208003435,0.8083670347576845,0.009990862919948995,
bs,sigma,0.05,barr,call,100000,"(1.0, 1.0, 0.03, 0.05, 1.5)",0.05206163528407465,0.051967567053248294,0.05206163528407465,0.05204369519254274,0.00016874725867540061,0.03445933158652785,0.05145546727621777,0.0001583698887853706,1.1643276369428646,0.7141162077209446,0.08060782432090491,
bs,sigma,0.05,barr,put,1000,"(1.0, 1.0, 0.03, 0.05, 1.5)",0.008056016492965704,0.0079612082053172,0.008056016492965704,0.007920183109702151,0.0006100273359636167,1.6861110374110952,0.008289731011574358,0.0005926152456350854,2.9011176778588643,0.809403753860679,0.0034107554471120237,
bs,sigma,0.05,barr,put,10000,"(1.0, 1.0, 0.03, 0.05, 1.5)",0.008056016492965704,0.0079612082053172,0.008056016492965704,0.008069759713630659,0.0001883613210248217,0.17059573645306406,0.008077569787367981,0.00017638263090619702,0.2675428286560381,0.8083670347576845,0.009990862919948995,
bs,sigma,0.05,barr,put,100000,"(1.0, 1.0, 0.03, 0.05, 1.5)",0.008056016492965704,0.0079612082053172,0.008056016492965704,0.008053249019450011,6.0799058016080816e-05,0.03435287797770969,0.008095827461683521,6.608743453012062e-05,0.494176852202067,0.7141162077209446,0.08060782432090491,
bs,sigma,0.75,van,call,1000,"(1.0, 1.0, 0.03, 0.75, 1.5)",0.36856682072688224,0.36827535033275116,0.36856682072688224,0.37188167663263455,0.026176843898739487,0.8993907534093275,0.3658916171818173,0.032785581826036775,0.725839493579198,0.5883426405795035,0.0035567708616144954,
bs,sigma,0.75,van,call,10000,"(1.0, 1.0, 0.03, 0.75, 1.5)",0.36856682072688224,0.36827535033275116,0.36856682072688224,0.36924835357763525,0.009125285248179958,0.1849143255513068,0.37174549954125324,0.011589383987316867,0.8624430186369082,0.8135538209794322,0.00994189387653023,
bs,sigma,0.75,van,call,100000,"(1.0, 1.0, 0.03, 0.75, 1.5)",0.36856682072688224,0.36827535033275116,0.36856682072688224,0.36805534462777556,0.003396032917711835,0.13877431997214293,0.372800743749006,0.0028174935525095857,1.1487531660537682,0.7749143279797863,0.08064542055828497,
bs,sigma,0.75,van,put,1000,"(1.0, 1.0, 0.03, 0.75, 1.5)",0.3245643025599822,0.3242728318504557,0.3245643025599822,0.32471093833349135,0.008213288497395927,0.04517926720608844,0.32594685906789755,0.00959583586907251,0.42597306512469824,0.5883426405795035,0.0035567708616144954,
bs,sigma,0.75,van,put,10000,"(1.0, 1.0, 0.03, 0.75, 1.5)",0.3245643025599822,0.3242728318504557,0.3245643025599822,0.32379798086000394,0.003226091318430959,0.23610782021742321,0.32466153224380984,0.0029826554340497418,0.029956986353934834,0.8135538209794322,0.00994189387653023,
bs,sigma,0.75,van,put,100000,"(1.0, 1.0, 0.03, 0.75, 1.5)",0.3245643025599822,0.3242728318504557,0.3245643025599822,0.3245658737060024,0.0010400596777782728,0.0004840785039456336,0.32461441733762525,0.0009565771275062179,0.015440631408868331,0.7749143279797863,0.08064542055828497,
bs,sigma,0.75,barr,call,1000,"(1.0, 1.0, 0.03, 0.75, 1.5)",0.18696746665573857,0.1867657110066147,0.18696746665573857,0.18681057307780363,0.02626090112866513,0.083914908160909,0.19155442488007865,0.03191026003449024,2.453345657608978,0.5883426405795035,0.0035567708616144954,
bs,sigma,0.75,barr,call,10000,"(1.0, 1.0, 0.03, 0.75, 1.5)",0.18696746665573857,0.1867657110066147,0.18696746665573857,0.18786599662072792,0.007012042055429638,0.4805809165954001,0.1934675231840869,0.009021334850098307,3.4765708947197784,0.8135538209794322,0.00994189387653023,
bs,sigma,0.75,barr,call,100000,"(1.0, 1.0, 0.03, 0.75, 1.5)",0.18696746665573857,0.1867657110066147,0.18696746665573857,0.18671873662309968,0.002896973415538169,0.13303385722013253,0.1944143063523654,0.0027603303382830045,3.9829601533504317,0.7749143279797863,0.08064542055828497,
bs,sigma,0.75,barr,put,1000,"(1.0, 1.0, 0.03, 0.75, 1.5)",0.0003579440044123583,0.00033748073068488903,0.0003579440044123583,0.000366848767520896,0.00019483296375776273,2.4877531118747918,0.0005449953739025356,0.0002272632223168964,52.25715955132764,0.5883426405795035,0.0035567708616144954,
bs,sigma,0.75,barr,put,10000,"(1.0, 1.0, 0.03, 0.75, 1.5)",0.0003579440044123583,0.00033748073068488903,0.0003579440044123583,0.00035333336527423154,6.511297070093337e-05,1.2880895003943715,0.0005595994487074302,8.464981236276981e-05,56.33714821571951,0.8135538209794322,0.00994189387653023,
bs,sigma,0.75,barr,put,100000,"(1.0, 1.0, 0.03, 0.75, 1.5)",0.0003579440044123583,0.00033748073068488903,0.0003579440044123583,0.00035255797370125735,2.0460870888631617e-05,1.5047132078502803,0.0005660400922930313,2.757308736192924e-05,58.1364921092357,0.7749143279797863,0.08064542055828497,
bs,T,0.15,van,call,1000,"(1.0, 1.0, 0.03, np.float64(0.22360679774997896), 0.15)",0.03675251190582085,0.03670111879843613,0.03675251190582085,0.036563710506849444,0.0017916019903175078,0.5137101906264658,0.03658309727669358,0.0019064801081303186,0.4609606808954981,0.08629197461908916,0.0034836825530510395,
bs,T,0.15,van,call,10000,"(1.0, 1.0, 0.03, np.float64(0.22360679774997896), 0.15)",0.03675251190582085,0.03670111879843613,0.03675251190582085,0.036618611068983585,0.0006065346998296425,0.3643311161435425,0.036606000478854324,0.0005131571735269674,0.3986433018291796,0.08919587201962713,0.009774065162055194,
bs,T,0.15,van,call,100000,"(1.0, 1.0, 0.03, np.float64(0.22360679774997896), 0.15)",0.03675251190582085,0.03670111879843613,0.03675251190582085,0.03676498337574289,0.00017260767385766725,0.03393365317178106,0.03654068584034137,0.00017265170292238817,0.5763580623340531,0.08970582598034525,0.08151067635393701,
bs,T,0.15,van,put,1000,"(1.0, 1.0, 0.03, np.float64(0.22360679774997896), 0.15)",0.03226262173539146,0.03221122859440823,0.03226262173539146,0.032373488535305264,0.0014605134624433296,0.34363853261244515,0.032370723310012145,0.0017070225916674287,0.3350675450597321,0.08629197461908916,0.0034836825530510395,
bs,T,0.15,van,put,10000,"(1.0, 1.0, 0.03, np.float64(0.22360679774997896), 0.15)",0.03226262173539146,0.03221122859440823,0.03226262173539146,0.03231497312180689,0.0004402717958680786,0.16226637390103385,0.03229166677245412,0.00046576969179662876,0.09002689645273013,0.08919587201962713,0.009774065162055194,
bs,T,0.15,van,put,100000,"(1.0, 1.0, 0.03, np.float64(0.22360679774997896), 0.15)",0.03226262173539146,0.03221122859440823,0.03226262173539146,0.03225798087563343,0.00013771662657784023,0.014384633078154114,0.03234181842722377,0.00013858464100528122,0.2454750654855588,0.08970582598034525,0.08151067635393701,
bs,T,0.15,barr,call,1000,"(1.0, 1.0, 0.03, np.float64(0.22360679774997896), 0.15)",0.03675250986457581,0.03670111369843228,0.03675250986457581,0.036563710506849444,0.0017916019903175078,0.5137046651291196,0.03658309727669358,0.0019064801081303186,0.4609551524684287,0.08629197461908916,0.0034836825530510395,
bs,T,0.15,barr,call,10000,"(1.0, 1.0, 0.03, np.float64(0.22360679774997896), 0.15)",0.03675250986457581,0.03670111369843228,0.03675250986457581,0.036618611068983585,0.0006065346998296425,0.36432558234963913,0.036606000478854324,0.0005131571735269674,0.398637769940985,0.08919587201962713,0.009774065162055194,
bs,T,0.15,barr,call,100000,"(1.0, 1.0, 0.03, np.float64(0.22360679774997896), 0.15)",0.03675250986457581,0.03670111369843228,0.03675250986457581,0.03676498337574289,0.00017260767385766725,0.033939209085425026,0.03654068584034137,0.00017265170292238817,0.5763525403161879,0.08970582598034525,0.08151067635393701,
bs,T,0.15,barr,put,1000,"(1.0, 1.0, 0.03, np.float64(0.22360679774997896), 0.15)",0.030326649576686824,0.030031968571329167,0.030326649576686824,0.030520140128651896,0.001329961939235244,0.6380215245201863,0.030384019347246598,0.0015837143673269377,0.18917279475499985,0.08629197461908916,0.0034836825530510395,
bs,T,0.15,barr,put,10000,"(1.0, 1.0, 0.03, np.float64(0.22360679774997896), 0.15)",0.030326649576686824,0.030031968571329167,0.030326649576686824,0.030399490700841164,0.00039555498999506694,0.2401884981397211,0.03044877239788969,0.0005111113316430981,0.40269143775362876,0.08919587201962713,0.009774065162055194,
bs,T,0.15,barr,put,100000,"(1.0, 1.0, 0.03, np.float64(0.22360679774997896), 0.15)",0.030326649576686824,0.030031968571329167,0.030326649576686824,0.03030938369825617,0.0001384043465183031,0.05693302317156211,0.03055638024372962,0.0001359709753307759,0.7575207622651433,0.08970582598034525,0.08151067635393701,
bs,T,2.85,van,call,1000,"(1.0, 1.0, 0.03, np.float64(0.22360679774997896), 2.85)",0.18816828642192307,0.18815602629622424,0.18816828642192307,0.18822502235864305,0.00956178503473526,0.03015169973582296,0.18829406400182744,0.009478441198375914,0.06684313403499965,1.502492057259078,0.003476636279374361,
bs,T,2.85,van,call,10000,"(1.0, 1.0, 0.03, np.float64(0.22360679774997896), 2.85)",0.18816828642192307,0.18815602629622424,0.18816828642192307,0.1881502907734489,0.003293629300697919,0.009563592684159928,0.18872186403550056,0.0027557890082942453,0.294192833502361,1.5446200874992064,0.009934518835507333,
bs,T,2.85,van,call,100000,"(1.0, 1.0, 0.03, np.float64(0.22360679774997896), 2.85)",0.18816828642192307,0.18815602629622424,0.18816828642192307,0.1880684888004246,0.0010438419124404897,0.053036366220981415,0.18908105721095392,0.0010207527381680193,0.48508216043599095,1.2443738830392248,0.08144693052163347,
bs,T,2.85,van,put,1000,"(1.0, 1.0, 0.03, np.float64(0.22360679774997896), 2.85)",0.10622142947608187,0.10620916876169623,0.10622142947608187,0.10622134417001944,0.004863097014460617,8.030965395300307e-05,0.10625123311431746,0.005433936864911282,0.028058027822243956,1.502492057259078,0.003476636279374361,
bs,T,2.85,van,put,10000,"(1.0, 1.0, 0.03, np.float64(0.22360679774997896), 2.85)",0.10622142947608187,0.10620916876169623,0.10622142947608187,0.10618937628632333,0.0015950965738202435,0.030175822257940722,0.10585330006698725,0.0015589574481073244,0.34656792975801604,1.5446200874992064,0.009934518835507333,
bs,T,2.85,van,put,100000,"(1.0, 1.0, 0.03, np.float64(0.22360679774997896), 2.85)",0.10622142947608187,0.10620916876169623,0.10622142947608187,0.10631461335510344,0.00047632148390014585,0.08772606382833795,0.10584305069403051,0.000528116288634588,0.3562169930471207,1.2443738830392248,0.08144693052163347,
bs,T,2.85,barr,call,1000,"(1.0, 1.0, 0.03, np.float64(0.22360679774997896), 2.85)",0.16338086926299397,0.1633687586291755,0.16338086926299397,0.16328383050860018,0.00887227266790804,0.05939419641450678,0.1636022974502998,0.009380927565619724,0.13552883413136982,1.502492057259078,0.003476636279374361,
bs,T,2.85,barr,call,10000,"(1.0, 1.0, 0.03, np.float64(0.22360679774997896), 2.85)",0.16338086926299397,0.1633687586291755,0.16338086926299397,0.16340843609642797,0.0032654620378373593,0.016872742542225573,0.16368287791597005,0.0028659214935698573,0.184849459020774,1.5446200874992064,0.009934518835507333,
bs,T,2.85,barr,call,100000,"(1.0, 1.0, 0.03, np.float64(0.22360679774997896), 2.85)",0.16338086926299397,0.1633687586291755,0.16338086926299397,0.163337714651739,0.0010548699223344308,0.026413503275903645,0.16397208966098908,0.0010597280786787471,0.3618663559950987,1.2443738830392248,0.08144693052163347,
bs,T,2.85,barr,put,1000,"(1.0, 1.0, 0.03, np.float64(0.22360679774997896), 2.85)",0.004218770953846235,0.004210027182896494,0.004218770953846235,0.004325124935564911,0.0007216035504410003,2.5209707491162447,0.004079119646878628,0.0005363029640645162,3.310236760786632,1.502492057259078,0.003476636279374361,
bs,T,2.85,barr,put,10000,"(1.0, 1.0, 0.03, np.float64(0.22360679774997896), 2.85)",0.004218770953846235,0.004210027182896494,0.004218770953846235,0.0042321049827214316,0.0002280723637774489,0.3160642997942373,0.004041072892233838,0.00017580319198937872,4.212081280458957,1.5446200874992064,0.009934518835507333,
bs,T,2.85,barr,put,100000,"(1.0, 1.0, 0.03, np.float64(0.22360679774997896), 2.85)",0.004218770953846235,0.004210027182896494,0.004218770953846235,0.004205049082086115,5.277493632294032e-05,0.32525756696058705,0.004026538095798967,6.074262829883871e-05,4.556608077336115,1.2443738830392248,0.08144693052163347,
