model,variable,value,barr_type,option_type,n_samples,eta,closed,fdm,reference,mc_mean,mc_std,mc_rel_error_pct,cvae_mean,cvae_std,cvae_rel_error_pct,mc_seconds_mean,cvae_seconds_mean,used_sample_count_mean,discarded_sample_count_mean,discarded_sample_pct_mean,regenerated_sample_count_mean,regenerated_sample_pct_mean,mt_corrected_sample_count_mean,mt_corrected_sample_pct_mean,error
hes,r,0.0025,van,call,1000,"(1.0, 1.0, 0.0025, 2, 0.05, 0.5, -0.7, 0.05, 1.5)",,0.10169903052401999,0.10169903052401999,0.10150397212194914,0.005287910276227143,0.19179966718048166,0.10231914243193968,0.004930796012454456,0.6097520347288148,0.791322194460663,0.003435820642625913,1000.0,,,0.0,0.0,19.88,1.9879999999999998,
hes,r,0.0025,van,call,10000,"(1.0, 1.0, 0.0025, 2, 0.05, 0.5, -0.7, 0.05, 1.5)",,0.10169903052401999,0.10169903052401999,0.10126456177636277,0.0014359099065276554,0.42721031402025544,0.1015671006868103,0.0013678174917467587,0.12972575700073483,0.7804822060780134,0.008899081761483104,10000.0,,,0.0,0.0,196.94,1.9694000000000003,
hes,r,0.0025,van,call,100000,"(1.0, 1.0, 0.0025, 2, 0.05, 0.5, -0.7, 0.05, 1.5)",,0.10169903052401999,0.10169903052401999,0.10153501481173648,0.000422119397691802,0.161275590768562,0.1014847386310603,0.00046247148362708933,0.21071183457257323,0.8412596756609855,0.05884812447591685,100000.0,,,0.0,0.0,1978.1,1.9781,
hes,r,0.0025,van,put,1000,"(1.0, 1.0, 0.0025, 2, 0.05, 0.5, -0.7, 0.05, 1.5)",,0.09795605299435405,0.09795605299435405,0.0969655948105852,0.004430012553114352,1.0111250438254538,0.09841160720011914,0.005303893649418168,0.46505978123817765,0.791322194460663,0.003435820642625913,1000.0,,,0.0,0.0,19.88,1.9879999999999998,
hes,r,0.0025,van,put,10000,"(1.0, 1.0, 0.0025, 2, 0.05, 0.5, -0.7, 0.05, 1.5)",,0.09795605299435405,0.09795605299435405,0.09825050649975785,0.0018010623189026174,0.30059756023527595,0.09896342877239993,0.001496157578269612,1.0283956399345178,0.7804822060780134,0.008899081761483104,10000.0,,,0.0,0.0,196.94,1.9694000000000003,
hes,r,0.0025,van,put,100000,"(1.0, 1.0, 0.0025, 2, 0.05, 0.5, -0.7, 0.05, 1.5)",,0.09795605299435405,0.09795605299435405,0.09781361067494031,0.00046233726570463706,0.1454145150396659,0.09894035473664432,0.00036357211888324493,1.0048401422901456,0.8412596756609855,0.05884812447591685,100000.0,,,0.0,0.0,1978.1,1.9781,
hes,r,0.0025,barr,call,1000,"(1.0, 1.0, 0.0025, 2, 0.05, 0.5, -0.7, 0.05, 1.5)",,0.0944377236387608,0.0944377236387608,0.09430389449437927,0.005255283775041424,0.14171153139336587,0.09543916742361773,0.004796201594486918,1.0604277043860297,0.791322194460663,0.003435820642625913,1000.0,,,0.0,0.0,19.88,1.9879999999999998,
hes,r,0.0025,barr,call,10000,"(1.0, 1.0, 0.0025, 2, 0.05, 0.5, -0.7, 0.05, 1.5)",,0.0944377236387608,0.0944377236387608,0.09408363094239278,0.0014157420492161756,0.3749483603845425,0.09480156787215735,0.0014928342398093214,0.3852742520439351,0.7804822060780134,0.008899081761483104,10000.0,,,0.0,0.0,196.94,1.9694000000000003,
hes,r,0.0025,barr,call,100000,"(1.0, 1.0, 0.0025, 2, 0.05, 0.5, -0.7, 0.05, 1.5)",,0.0944377236387608,0.0944377236387608,0.09428565217496863,0.0004224060940419573,0.16102830302629745,0.0946959870381335,0.0004847179086201567,0.27347482491277364,0.8412596756609855,0.05884812447591685,100000.0,,,0.0,0.0,1978.1,1.9781,
hes,r,0.0025,barr,put,1000,"(1.0, 1.0, 0.0025, 2, 0.05, 0.5, -0.7, 0.05, 1.5)",,0.006605920726625275,0.006605920726625275,0.006604982990052044,0.0007580575486414921,0.014195395495000877,0.006855598874439623,0.0008754014146261996,3.7796116264007855,0.791322194460663,0.003435820642625913,1000.0,,,0.0,0.0,19.88,1.9879999999999998,
hes,r,0.0025,barr,put,10000,"(1.0, 1.0, 0.0025, 2, 0.05, 0.5, -0.7, 0.05, 1.5)",,0.006605920726625275,0.006605920726625275,0.006592857375880802,0.00025838231958096757,0.1977521572703882,0.006789648755302093,0.00022840626821124746,2.781262995426196,0.7804822060780134,0.008899081761483104,10000.0,,,0.0,0.0,196.94,1.9694000000000003,
hes,r,0.0025,barr,put,100000,"(1.0, 1.0, 0.0025, 2, 0.05, 0.5, -0.7, 0.05, 1.5)",,0.006605920726625275,0.006605920726625275,0.006617589287233145,8.114794374604368e-05,0.1766379145429336,0.006895050990048169,8.659328413444346e-05,4.376835196607032,0.8412596756609855,0.05884812447591685,100000.0,,,0.0,0.0,1978.1,1.9781,
hes,r,0.0975,van,call,1000,"(1.0, 1.0, 0.0975, 2, 0.05, 0.5, -0.7, 0.05, 1.5)",,0.18540192208731862,0.18540192208731862,0.1860633764016353,0.00468085454466258,0.3567677761210938,0.18472335124817435,0.006248190575035341,0.36599989444806574,0.7950834780017613,0.003199390737572685,1000.0,,,0.0,0.0,26.12,2.612,
hes,r,0.0975,van,call,10000,"(1.0, 1.0, 0.0975, 2, 0.05, 0.5, -0.7, 0.05, 1.5)",,0.18540192208731862,0.18540192208731862,0.18488525826472174,0.0018220622922054007,0.278672311904915,0.18493507448637575,0.001669340032775091,0.25180299949803125,0.7939461783226579,0.008480528136715293,10000.0,,,0.0,0.0,259.44,2.5944,
hes,r,0.0975,van,call,100000,"(1.0, 1.0, 0.0975, 2, 0.05, 0.5, -0.7, 0.05, 1.5)",,0.18540192208731862,0.18540192208731862,0.18534947059051843,0.0006243706892845238,0.02829069742625979,0.1847968564094559,0.0006849056579260519,0.3263535086641436,0.8249555842980044,0.059388559241779146,100000.0,,,0.0,0.0,2562.78,2.5627799999999996,
hes,r,0.0975,van,put,1000,"(1.0, 1.0, 0.0975, 2, 0.05, 0.5, -0.7, 0.05, 1.5)",,0.04934360283906547,0.04934360283906547,0.048960267230616895,0.0027096514737079795,0.7768699211097875,0.04991599195529741,0.0031644264867369326,1.160006735014449,0.7950834780017613,0.003199390737572685,1000.0,,,0.0,0.0,26.12,2.612,
hes,r,0.0975,van,put,10000,"(1.0, 1.0, 0.0975, 2, 0.05, 0.5, -0.7, 0.05, 1.5)",,0.04934360283906547,0.04934360283906547,0.04935039891342338,0.001127358550564115,0.01377295934404612,0.04963380928826652,0.0007831992843521878,0.5881338866713138,0.7939461783226579,0.008480528136715293,10000.0,,,0.0,0.0,259.44,2.5944,
hes,r,0.0975,van,put,100000,"(1.0, 1.0, 0.0975, 2, 0.05, 0.5, -0.7, 0.05, 1.5)",,0.04934360283906547,0.04934360283906547,0.049225577728172584,0.00041183893490242315,0.23919029844218248,0.049713317278790956,0.00040470472865152674,0.7492651903253027,0.8249555842980044,0.059388559241779146,100000.0,,,0.0,0.0,2562.78,2.5627799999999996,
hes,r,0.0975,barr,call,1000,"(1.0, 1.0, 0.0975, 2, 0.05, 0.5, -0.7, 0.05, 1.5)",,0.1728912447695687,0.1728912447695687,0.173537154547398,0.004879612738413669,0.3735931097552966,0.17266429431442984,0.006641157327685316,0.13126775473295743,0.7950834780017613,0.003199390737572685,1000.0,,,0.0,0.0,26.12,2.612,
hes,r,0.0975,barr,call,10000,"(1.0, 1.0, 0.0975, 2, 0.05, 0.5, -0.7, 0.05, 1.5)",,0.1728912447695687,0.1728912447695687,0.17232450151298914,0.0019154714278649349,0.32780332939064266,0.17325312759682224,0.001635244635327623,0.2093124077716282,0.7939461783226579,0.008480528136715293,10000.0,,,0.0,0.0,259.44,2.5944,
hes,r,0.0975,barr,call,100000,"(1.0, 1.0, 0.0975, 2, 0.05, 0.5, -0.7, 0.05, 1.5)",,0.1728912447695687,0.1728912447695687,0.17288148673054513,0.000636788545495988,0.005644033066332615,0.17307158039204532,0.0006983617283808608,0.10430581532162313,0.8249555842980044,0.059388559241779146,100000.0,,,0.0,0.0,2562.78,2.5627799999999996,
hes,r,0.0975,barr,put,1000,"(1.0, 1.0, 0.0975, 2, 0.05, 0.5, -0.7, 0.05, 1.5)",,0.0028317795049901686,0.0028317795049901686,0.002818200679972111,0.00041828765766599,0.4795156188583506,0.003115361464721959,0.00047383228263169315,10.014266973543014,0.7950834780017613,0.003199390737572685,1000.0,,,0.0,0.0,26.12,2.612,
hes,r,0.0975,barr,put,10000,"(1.0, 1.0, 0.0975, 2, 0.05, 0.5, -0.7, 0.05, 1.5)",,0.0028317795049901686,0.0028317795049901686,0.00283046585137727,0.00014178655168119354,0.04638968572884549,0.003000492387346333,0.00017650813735594316,5.9578396573200045,0.7939461783226579,0.008480528136715293,10000.0,,,0.0,0.0,259.44,2.5944,
hes,r,0.0975,barr,put,100000,"(1.0, 1.0, 0.0975, 2, 0.05, 0.5, -0.7, 0.05, 1.5)",,0.0028317795049901686,0.0028317795049901686,0.002824225968859554,5.414784931913786e-05,0.26674167664904197,0.0029878332420104252,4.630255132712044e-05,5.510801132124107,0.8249555842980044,0.059388559241779146,100000.0,,,0.0,0.0,2562.78,2.5627799999999996,
hes,kappa,1.3,van,call,1000,"(1.0, 1.0, 0.03, 1.3, 0.05, 0.5, -0.7, 0.05, 1.5)",,0.12213682968250583,0.12213682968250583,0.12078496620270159,0.004684134365480829,1.106843433973528,0.12170568968073142,0.0047085828741009,0.3529975380032027,0.9001371203997405,0.0017347258352674545,1000.0,,,0.0,0.0,22.94,2.294,
hes,kappa,1.3,van,call,10000,"(1.0, 1.0, 0.03, 1.3, 0.05, 0.5, -0.7, 0.05, 1.5)",,0.12213682968250583,0.12213682968250583,0.1213969890899407,0.0014476052744044471,0.6057473363999539,0.12175570710195376,0.0012054438400662057,0.3120455816176028,0.8550441608205438,0.008150038762250915,10000.0,,,0.0,0.0,229.76,2.2976,
hes,kappa,1.3,van,call,100000,"(1.0, 1.0, 0.03, 1.3, 0.05, 0.5, -0.7, 0.05, 1.5)",,0.12213682968250583,0.12213682968250583,0.12148018010417852,0.00044406065677995505,0.5376343728867613,0.12159966988789271,0.0003725758178000931,0.4398016519746462,0.9458028120995732,0.05800957845523953,100000.0,,,0.0,0.0,2299.84,2.29984,
hes,kappa,1.3,van,put,1000,"(1.0, 1.0, 0.03, 1.3, 0.05, 0.5, -0.7, 0.05, 1.5)",,0.07813431119415969,0.07813431119415969,0.078796514535093,0.0037016601072971307,0.8475192662641752,0.07872645630052003,0.004682604108695779,0.7578554124434396,0.9001371203997405,0.0017347258352674545,1000.0,,,0.0,0.0,22.94,2.294,
hes,kappa,1.3,van,put,10000,"(1.0, 1.0, 0.03, 1.3, 0.05, 0.5, -0.7, 0.05, 1.5)",,0.07813431119415969,0.07813431119415969,0.07741199389088996,0.0013075566764063214,0.9244559684858653,0.07863896189004028,0.001453328701540574,0.6458759131139812,0.8550441608205438,0.008150038762250915,10000.0,,,0.0,0.0,229.76,2.2976,
hes,kappa,1.3,van,put,100000,"(1.0, 1.0, 0.03, 1.3, 0.05, 0.5, -0.7, 0.05, 1.5)",,0.07813431119415969,0.07813431119415969,0.07765700517542676,0.0005221181990247648,0.6108788974242675,0.0787246341621226,0.00038109200350024266,0.7555233532372055,0.9458028120995732,0.05800957845523953,100000.0,,,0.0,0.0,2299.84,2.29984,
hes,kappa,1.3,barr,call,1000,"(1.0, 1.0, 0.03, 1.3, 0.05, 0.5, -0.7, 0.05, 1.5)",,0.11250191717872805,0.11250191717872805,0.11153277487835288,0.005146187919506898,0.8614451421619164,0.1126605663274751,0.00494290521330315,0.14101906236407735,0.9001371203997405,0.0017347258352674545,1000.0,,,0.0,0.0,22.94,2.294,
hes,kappa,1.3,barr,call,10000,"(1.0, 1.0, 0.03, 1.3, 0.05, 0.5, -0.7, 0.05, 1.5)",,0.11250191717872805,0.11250191717872805,0.11182725667837401,0.0014644040851602195,0.5996880029006375,0.11269759501171052,0.0013672642319620986,0.17393288744724159,0.8550441608205438,0.008150038762250915,10000.0,,,0.0,0.0,229.76,2.2976,
hes,kappa,1.3,barr,call,100000,"(1.0, 1.0, 0.03, 1.3, 0.05, 0.5, -0.7, 0.05, 1.5)",,0.11250191717872805,0.11250191717872805,0.1119255930106045,0.0004512982765588722,0.5122794193880027,0.11265166062783845,0.00038955287222079487,0.1331030198112118,0.9458028120995732,0.05800957845523953,100000.0,,,0.0,0.0,2299.84,2.29984,
hes,kappa,1.3,barr,put,1000,"(1.0, 1.0, 0.03, 1.3, 0.05, 0.5, -0.7, 0.05, 1.5)",,0.004833592065973399,0.004833592065973399,0.00472678842325648,0.0006572228686862115,2.2096122564577723,0.005065813752755273,0.0006125549144377395,4.804329443037279,0.9001371203997405,0.0017347258352674545,1000.0,,,0.0,0.0,22.94,2.294,
hes,kappa,1.3,barr,put,10000,"(1.0, 1.0, 0.03, 1.3, 0.05, 0.5, -0.7, 0.05, 1.5)",,0.004833592065973399,0.004833592065973399,0.004758581709322851,0.00022946862741947177,1.5518553412604184,0.005115215582590402,0.00022252735935160908,5.826381555852077,0.8550441608205438,0.008150038762250915,10000.0,,,0.0,0.0,229.76,2.2976,
hes,kappa,1.3,barr,put,100000,"(1.0, 1.0, 0.03, 1.3, 0.05, 0.5, -0.7, 0.05, 1.5)",,0.004833592065973399,0.004833592065973399,0.004795124959647661,6.143533405515645e-05,0.7958285639479395,0.005091190343792329,6.755411572198183e-05,5.3293342570698305,0.9458028120995732,0.05800957845523953,100000.0,,,0.0,0.0,2299.84,2.29984,
hes,kappa,4.5,van,call,1000,"(1.0, 1.0, 0.03, 4.5, 0.05, 0.5, -0.7, 0.05, 1.5)",,0.12811193710060628,0.12811193710060628,0.12896962074038665,0.0063286198727709195,0.6694798776688754,0.1276414706865639,0.005645091752719128,0.3672307395312657,0.9962315351783764,0.0020659269008319824,1000.0,,,0.0,0.0,18.26,1.8260000000000003,
hes,kappa,4.5,van,call,10000,"(1.0, 1.0, 0.03, 4.5, 0.05, 0.5, -0.7, 0.05, 1.5)",,0.12811193710060628,0.12811193710060628,0.12815134166168143,0.0017614784605688948,0.030757915278579427,0.12796610776958806,0.001727992316020186,0.11382961987664512,0.9443702457193285,0.007345341938780621,10000.0,,,0.0,0.0,185.84,1.8584000000000003,
hes,kappa,4.5,van,call,100000,"(1.0, 1.0, 0.03, 4.5, 0.05, 0.5, -0.7, 0.05, 1.5)",,0.12811193710060628,0.12811193710060628,0.12809244333816985,0.0005944235701740904,0.01521619520991273,0.1277723892861928,0.0006225425859347809,0.2650399502950532,0.963337866422371,0.05774778901832178,100000.0,,,0.0,0.0,1880.06,1.8800600000000003,
hes,kappa,4.5,van,put,1000,"(1.0, 1.0, 0.03, 4.5, 0.05, 0.5, -0.7, 0.05, 1.5)",,0.08410941861132949,0.08410941861132949,0.08318728103477464,0.005008096936607239,1.0963547148221964,0.0848335433877412,0.004179467888742593,0.8609318532540257,0.9962315351783764,0.0020659269008319824,1000.0,,,0.0,0.0,18.26,1.8260000000000003,
hes,kappa,4.5,van,put,10000,"(1.0, 1.0, 0.03, 4.5, 0.05, 0.5, -0.7, 0.05, 1.5)",,0.08410941861132949,0.08410941861132949,0.0839858737853628,0.0010714839542240032,0.14688583990526563,0.08423142729165946,0.0014141691792545353,0.14505947412830092,0.9443702457193285,0.007345341938780621,10000.0,,,0.0,0.0,185.84,1.8584000000000003,
hes,kappa,4.5,van,put,100000,"(1.0, 1.0, 0.03, 4.5, 0.05, 0.5, -0.7, 0.05, 1.5)",,0.08410941861132949,0.08410941861132949,0.08425913454946779,0.0004034767644890621,0.17800139462399187,0.08452724407420216,0.00042676801603919005,0.49676417905519393,0.963337866422371,0.05774778901832178,100000.0,,,0.0,0.0,1880.06,1.8800600000000003,
hes,kappa,4.5,barr,call,1000,"(1.0, 1.0, 0.03, 4.5, 0.05, 0.5, -0.7, 0.05, 1.5)",,0.12061766361638127,0.12061766361638127,0.1210601337376728,0.006078037521255859,0.3668369192581842,0.12049709737677608,0.005738041763162694,0.09995736610239825,0.9962315351783764,0.0020659269008319824,1000.0,,,0.0,0.0,18.26,1.8260000000000003,
hes,kappa,4.5,barr,call,10000,"(1.0, 1.0, 0.03, 4.5, 0.05, 0.5, -0.7, 0.05, 1.5)",,0.12061766361638127,0.12061766361638127,0.12073447631602807,0.001729636389380111,0.09684543386474792,0.12084222756928631,0.0017033588440656,0.18617833091118277,0.9443702457193285,0.007345341938780621,10000.0,,,0.0,0.0,185.84,1.8584000000000003,
hes,kappa,4.5,barr,call,100000,"(1.0, 1.0, 0.03, 4.5, 0.05, 0.5, -0.7, 0.05, 1.5)",,0.12061766361638127,0.12061766361638127,0.12060699281920073,0.000591144066581712,0.00884679478991748,0.1206400260494258,0.0006276951726858816,0.01853993219073737,0.963337866422371,0.05774778901832178,100000.0,,,0.0,0.0,1880.06,1.8800600000000003,
hes,kappa,4.5,barr,put,1000,"(1.0, 1.0, 0.03, 4.5, 0.05, 0.5, -0.7, 0.05, 1.5)",,0.005936395936557066,0.005936395936557066,0.005908772982244614,0.0008577495204403974,0.4653152284258215,0.00642754444174997,0.0007499172116449903,8.273513263634431,0.9962315351783764,0.0020659269008319824,1000.0,,,0.0,0.0,18.26,1.8260000000000003,
hes,kappa,4.5,barr,put,10000,"(1.0, 1.0, 0.03, 4.5, 0.05, 0.5, -0.7, 0.05, 1.5)",,0.005936395936557066,0.005936395936557066,0.005942570132362699,0.00020078762529509092,0.10400579529427625,0.00624531492308526,0.00023590327537399797,5.2038137251902725,0.9443702457193285,0.007345341938780621,10000.0,,,0.0,0.0,185.84,1.8584000000000003,
hes,kappa,4.5,barr,put,100000,"(1.0, 1.0, 0.03, 4.5, 0.05, 0.5, -0.7, 0.05, 1.5)",,0.005936395936557066,0.005936395936557066,0.005925350071393864,6.89742738922514e-05,0.18607022309917046,0.006274771987287473,7.668756121860591e-05,5.700024970481592,0.963337866422371,0.05774778901832178,100000.0,,,0.0,0.0,1880.06,1.8800600000000003,
hes,theta,0.035,van,call,1000,"(1.0, 1.0, 0.03, 2, 0.035, 0.5, -0.7, 0.05, 1.5)",,0.11352061652564492,0.11352061652564492,0.1132854700943538,0.004024949399168498,0.20713984691758486,0.1135911935628485,0.004060736290444099,0.062171118659870954,0.9898026102007134,0.002025961021427065,1000.0,,,0.0,0.0,23.92,2.392,
hes,theta,0.035,van,call,10000,"(1.0, 1.0, 0.03, 2, 0.035, 0.5, -0.7, 0.05, 1.5)",,0.11352061652564492,0.11352061652564492,0.11308624160077242,0.0011201170448150609,0.38263968093793044,0.11339151961718746,0.00136666010455579,0.1137211128767025,0.9804927759198472,0.0076857296831440184,10000.0,,,0.0,0.0,236.08,2.3608000000000002,
hes,theta,0.035,van,call,100000,"(1.0, 1.0, 0.03, 2, 0.035, 0.5, -0.7, 0.05, 1.5)",,0.11352061652564492,0.11352061652564492,0.11311846516809711,0.0004179908322778698,0.3542540287886527,0.11338351836260475,0.00046285101166180376,0.12076939611158263,1.0337059911416144,0.057987516180146484,100000.0,,,0.0,0.0,2318.86,2.3188599999999995,
hes,theta,0.035,van,put,1000,"(1.0, 1.0, 0.03, 2, 0.035, 0.5, -0.7, 0.05, 1.5)",,0.06951809803687013,0.06951809803687013,0.06903134406610262,0.004306508155230457,0.7001830955003343,0.06897260117022533,0.004009350689627616,0.7846832437151693,0.9898026102007134,0.002025961021427065,1000.0,,,0.0,0.0,23.92,2.392,
hes,theta,0.035,van,put,10000,"(1.0, 1.0, 0.03, 2, 0.035, 0.5, -0.7, 0.05, 1.5)",,0.06951809803687013,0.06951809803687013,0.06917795530604864,0.001184462293032205,0.4892865892865591,0.07050184253715669,0.0012393358931537674,1.4150912180664248,0.9804927759198472,0.0076857296831440184,10000.0,,,0.0,0.0,236.08,2.3608000000000002,
hes,theta,0.035,van,put,100000,"(1.0, 1.0, 0.03, 2, 0.035, 0.5, -0.7, 0.05, 1.5)",,0.06951809803687013,0.06951809803687013,0.06900259003878698,0.0003988798850045176,0.7415450258862772,0.07008392253832559,0.000471214366150273,0.8139240247271411,1.0337059911416144,0.057987516180146484,100000.0,,,0.0,0.0,2318.86,2.3188599999999995,
hes,theta,0.035,barr,call,1000,"(1.0, 1.0, 0.03, 2, 0.035, 0.5, -0.7, 0.05, 1.5)",,0.10746088130168203,0.10746088130168203,0.10733689982547798,0.003554486133688694,0.11537358962839336,0.10823851992185426,0.004095768024541174,0.7236480947788935,0.9898026102007134,0.002025961021427065,1000.0,,,0.0,0.0,23.92,2.392,
hes,theta,0.035,barr,call,10000,"(1.0, 1.0, 0.03, 2, 0.035, 0.5, -0.7, 0.05, 1.5)",,0.10746088130168203,0.10746088130168203,0.10709242862911711,0.0011034165413038213,0.3428714413113216,0.10788348100598315,0.0013522770103730926,0.39325910897261407,0.9804927759198472,0.0076857296831440184,10000.0,,,0.0,0.0,236.08,2.3608000000000002,
hes,theta,0.035,barr,call,100000,"(1.0, 1.0, 0.03, 2, 0.035, 0.5, -0.7, 0.05, 1.5)",,0.10746088130168203,0.10746088130168203,0.10710050983303249,0.000430648569986982,0.33535130578154604,0.10780717669912264,0.0004401854494660682,0.3222525194711801,1.0337059911416144,0.057987516180146484,100000.0,,,0.0,0.0,2318.86,2.3188599999999995,
hes,theta,0.035,barr,put,1000,"(1.0, 1.0, 0.03, 2, 0.035, 0.5, -0.7, 0.05, 1.5)",,0.005678893404491705,0.005678893404491705,0.005679757062912435,0.0006396361575658837,0.015208216798846902,0.005910841261115436,0.0007270444208741173,4.0843847577817245,0.9898026102007134,0.002025961021427065,1000.0,,,0.0,0.0,23.92,2.392,
hes,theta,0.035,barr,put,10000,"(1.0, 1.0, 0.03, 2, 0.035, 0.5, -0.7, 0.05, 1.5)",,0.005678893404491705,0.005678893404491705,0.005626198497507935,0.00021891836354513786,0.9279080135945349,0.005926970786475747,0.0002061182270704741,4.368410609500536,0.9804927759198472,0.0076857296831440184,10000.0,,,0.0,0.0,236.08,2.3608000000000002,
hes,theta,0.035,barr,put,100000,"(1.0, 1.0, 0.03, 2, 0.035, 0.5, -0.7, 0.05, 1.5)",,0.005678893404491705,0.005678893404491705,0.005637037281997194,6.966812460900291e-05,0.737047158895515,0.005913852308847345,6.732281738749999e-05,4.137406491373833,1.0337059911416144,0.057987516180146484,100000.0,,,0.0,0.0,2318.86,2.3188599999999995,
hes,theta,0.15,van,call,1000,"(1.0, 1.0, 0.03, 2, 0.15, 0.5, -0.7, 0.05, 1.5)",,0.1801173271636831,0.1801173271636831,0.1802797623257841,0.007684520395517174,0.090182973875357,0.18086542912133377,0.007391310365046141,0.41534147182344,0.8896017511811806,0.001907071601599455,1000.0,,,0.0,0.0,15.44,1.5439999999999998,
hes,theta,0.15,van,call,10000,"(1.0, 1.0, 0.03, 2, 0.15, 0.5, -0.7, 0.05, 1.5)",,0.1801173271636831,0.1801173271636831,0.1798022017969107,0.002807284379412977,0.17495560906587124,0.17941304905924063,0.002544029957566832,0.3910107459025521,0.9010821513022529,0.007911090998677537,10000.0,,,0.0,0.0,163.64,1.6364,
hes,theta,0.15,van,call,100000,"(1.0, 1.0, 0.03, 2, 0.15, 0.5, -0.7, 0.05, 1.5)",,0.1801173271636831,0.1801173271636831,0.18019457870933503,0.0007029811351500991,0.04288956918716528,0.17987321571645765,0.0008145247125425868,0.13552913041153677,0.9105911523185205,0.05773511295905337,100000.0,,,0.0,0.0,1641.24,1.64124,
hes,theta,0.15,van,put,1000,"(1.0, 1.0, 0.03, 2, 0.15, 0.5, -0.7, 0.05, 1.5)",,0.13611480867595643,0.13611480867595643,0.1369930114656157,0.006921454775774312,0.6451926856467046,0.1370857162828567,0.005441792729146871,0.713300497091156,0.8896017511811806,0.001907071601599455,1000.0,,,0.0,0.0,15.44,1.5439999999999998,
hes,theta,0.15,van,put,10000,"(1.0, 1.0, 0.03, 2, 0.15, 0.5, -0.7, 0.05, 1.5)",,0.13611480867595643,0.13611480867595643,0.13623267448947848,0.0021244350172372802,0.08659293920226484,0.13672631355137085,0.0018490919915152687,0.4492566836502027,0.9010821513022529,0.007911090998677537,10000.0,,,0.0,0.0,163.64,1.6364,
hes,theta,0.15,van,put,100000,"(1.0, 1.0, 0.03, 2, 0.15, 0.5, -0.7, 0.05, 1.5)",,0.13611480867595643,0.13611480867595643,0.1360855913519066,0.0006726074876253779,0.021465205978724314,0.1364586587860217,0.0006063070783200571,0.2526177081024744,0.9105911523185205,0.05773511295905337,100000.0,,,0.0,0.0,1641.24,1.64124,
hes,theta,0.15,barr,call,1000,"(1.0, 1.0, 0.03, 2, 0.15, 0.5, -0.7, 0.05, 1.5)",,0.14777938891675307,0.14777938891675307,0.14769461658826055,0.007226061878500114,0.05736410815738016,0.1499408073744049,0.0072397036040703884,1.4625980480061391,0.8896017511811806,0.001907071601599455,1000.0,,,0.0,0.0,15.44,1.5439999999999998,
hes,theta,0.15,barr,call,10000,"(1.0, 1.0, 0.03, 2, 0.15, 0.5, -0.7, 0.05, 1.5)",,0.14777938891675307,0.14777938891675307,0.14747792764625867,0.0026298497830377185,0.20399412442030487,0.14827122431264386,0.0026235804181857455,0.33281731606553644,0.9010821513022529,0.007911090998677537,10000.0,,,0.0,0.0,163.64,1.6364,
hes,theta,0.15,barr,call,100000,"(1.0, 1.0, 0.03, 2, 0.15, 0.5, -0.7, 0.05, 1.5)",,0.14777938891675307,0.14777938891675307,0.1478210099244199,0.0007172882848412147,0.028164284594705543,0.1488267729560522,0.000724005450849144,0.708748389729195,0.9105911523185205,0.05773511295905337,100000.0,,,0.0,0.0,1641.24,1.64124,
hes,theta,0.15,barr,put,1000,"(1.0, 1.0, 0.03, 2, 0.15, 0.5, -0.7, 0.05, 1.5)",,0.0026292948847572747,0.0026292948847572747,0.00267824825034769,0.0005076940013650447,1.8618438682633471,0.0028917701830116376,0.0006351126959521429,9.98272577853486,0.8896017511811806,0.001907071601599455,1000.0,,,0.0,0.0,15.44,1.5439999999999998,
hes,theta,0.15,barr,put,10000,"(1.0, 1.0, 0.03, 2, 0.15, 0.5, -0.7, 0.05, 1.5)",,0.0026292948847572747,0.0026292948847572747,0.0026641855972919515,0.00012444631013971212,1.326998836720352,0.002826599712379545,0.00017864132691522408,7.504096583692426,0.9010821513022529,0.007911090998677537,10000.0,,,0.0,0.0,163.64,1.6364,
hes,theta,0.15,barr,put,100000,"(1.0, 1.0, 0.03, 2, 0.15, 0.5, -0.7, 0.05, 1.5)",,0.0026292948847572747,0.0026292948847572747,0.002640434295080114,5.4435581587381366e-05,0.42366530994364693,0.002808308182808085,5.44508023272547e-05,6.808414647158753,0.9105911523185205,0.05773511295905337,100000.0,,,0.0,0.0,1641.24,1.64124,
hes,xi,0.15,van,call,1000,"(1.0, 1.0, 0.03, 2, 0.05, 0.15, -0.7, 0.05, 1.5)",,0.12947662668569546,0.12947662668569546,0.1297552147762743,0.005000752458924027,0.21516477352713162,0.12913219870610781,0.00458497772538039,0.266015564665382,0.9505729184404481,0.002832453018054366,1000.0,,,0.0,0.0,20.76,2.076,
hes,xi,0.15,van,call,10000,"(1.0, 1.0, 0.03, 2, 0.05, 0.15, -0.7, 0.05, 1.5)",,0.12947662668569546,0.12947662668569546,0.12976786094978057,0.0017869566156058325,0.22493192133595466,0.1288542753767605,0.0018507144973430396,0.48066691638925074,0.9448784650996095,0.008798070397460833,10000.0,,,0.0,0.0,207.26,2.0726,
hes,xi,0.15,van,call,100000,"(1.0, 1.0, 0.03, 2, 0.05, 0.15, -0.7, 0.05, 1.5)",,0.12947662668569546,0.12947662668569546,0.12937749150520733,0.0005803068551293459,0.07656608225419351,0.12915323855683147,0.000565087941104759,0.24976564275883367,0.9949137939419598,0.057788010673830284,100000.0,,,0.0,0.0,2096.4,2.0964,
hes,xi,0.15,van,put,1000,"(1.0, 1.0, 0.03, 2, 0.05, 0.15, -0.7, 0.05, 1.5)",,0.08547410819612791,0.08547410819612791,0.08488409572693438,0.004676633196380146,0.690282100211793,0.08502462175770358,0.004078390292082196,0.5258743822081782,0.9505729184404481,0.002832453018054366,1000.0,,,0.0,0.0,20.76,2.076,
hes,xi,0.15,van,put,10000,"(1.0, 1.0, 0.03, 2, 0.05, 0.15, -0.7, 0.05, 1.5)",,0.08547410819612791,0.08547410819612791,0.08543919791338254,0.0011240523665432458,0.040843108494636945,0.0856884478164447,0.0013529204845375267,0.25076555326552297,0.9448784650996095,0.008798070397460833,10000.0,,,0.0,0.0,207.26,2.0726,
hes,xi,0.15,van,put,100000,"(1.0, 1.0, 0.03, 2, 0.05, 0.15, -0.7, 0.05, 1.5)",,0.08547410819612791,0.08547410819612791,0.08559921641523446,0.0003144393040175975,0.1463697273324914,0.0855537386390176,0.00043838376712904077,0.09316323337001099,0.9949137939419598,0.057788010673830284,100000.0,,,0.0,0.0,2096.4,2.0964,
hes,xi,0.15,barr,call,1000,"(1.0, 1.0, 0.03, 2, 0.05, 0.15, -0.7, 0.05, 1.5)",,0.12215346361196572,0.12215346361196572,0.12241272656113722,0.004874002092794689,0.21224363313600306,0.12245940908753437,0.004574028528670957,0.2504599268183882,0.9505729184404481,0.002832453018054366,1000.0,,,0.0,0.0,20.76,2.076,
hes,xi,0.15,barr,call,10000,"(1.0, 1.0, 0.03, 2, 0.05, 0.15, -0.7, 0.05, 1.5)",,0.12215346361196572,0.12215346361196572,0.12245092905137957,0.0017288737493395907,0.2435178099892295,0.12200286334453718,0.0017871148580037768,0.12328775867292403,0.9448784650996095,0.008798070397460833,10000.0,,,0.0,0.0,207.26,2.0726,
hes,xi,0.15,barr,call,100000,"(1.0, 1.0, 0.03, 2, 0.05, 0.15, -0.7, 0.05, 1.5)",,0.12215346361196572,0.12215346361196572,0.12209078273085465,0.0005788279550635938,0.05131322457640776,0.12224881641450669,0.0005443907948586234,0.07805984351280458,0.9949137939419598,0.057788010673830284,100000.0,,,0.0,0.0,2096.4,2.0964,
hes,xi,0.15,barr,put,1000,"(1.0, 1.0, 0.03, 2, 0.05, 0.15, -0.7, 0.05, 1.5)",,0.007580707705010359,0.007580707705010359,0.007459257945296604,0.0008922306298268595,1.6020899952847958,0.00799278272895163,0.0007708346021482245,5.435838446441039,0.9505729184404481,0.002832453018054366,1000.0,,,0.0,0.0,20.76,2.076,
hes,xi,0.15,barr,put,10000,"(1.0, 1.0, 0.03, 2, 0.05, 0.15, -0.7, 0.05, 1.5)",,0.007580707705010359,0.007580707705010359,0.007615680294374189,0.00025303847752330727,0.4613367343093194,0.007923600606367914,0.00022897467167264435,4.523230741780539,0.9448784650996095,0.008798070397460833,10000.0,,,0.0,0.0,207.26,2.0726,
hes,xi,0.15,barr,put,100000,"(1.0, 1.0, 0.03, 2, 0.05, 0.15, -0.7, 0.05, 1.5)",,0.007580707705010359,0.007580707705010359,0.007597217923625642,8.16082122695116e-05,0.2177925763365176,0.007935357946898357,8.293624373102449e-05,4.678326294701973,0.9949137939419598,0.057788010673830284,100000.0,,,0.0,0.0,2096.4,2.0964,
hes,xi,0.6,van,call,1000,"(1.0, 1.0, 0.03, 2, 0.05, 0.6, -0.7, 0.05, 1.5)",,0.12295725900295659,0.12295725900295659,0.12246267199210402,0.004459386268948425,0.40224303539547906,0.12226342258245008,0.004133991138159502,0.564290734953537,0.7654759013431612,0.00167456699651666,1000.0,,,0.0,0.0,20.94,2.0940000000000003,
hes,xi,0.6,van,call,10000,"(1.0, 1.0, 0.03, 2, 0.05, 0.6, -0.7, 0.05, 1.5)",,0.12295725900295659,0.12295725900295659,0.12237020399349711,0.0013866637812638626,0.4774464022863113,0.12276382443732502,0.0015500653006996967,0.15731854076783242,0.7636534036381636,0.007815327779389918,10000.0,,,0.0,0.0,221.24,2.2123999999999997,
hes,xi,0.6,van,call,100000,"(1.0, 1.0, 0.03, 2, 0.05, 0.6, -0.7, 0.05, 1.5)",,0.12295725900295659,0.12295725900295659,0.12235899894771465,0.0004811520286791188,0.4865593622476194,0.12241816744723884,0.000390103359590886,0.4384381695632888,0.8255023404990789,0.05687174157705158,100000.0,,,0.0,0.0,2209.26,2.2092599999999996,
hes,xi,0.6,van,put,1000,"(1.0, 1.0, 0.03, 2, 0.05, 0.6, -0.7, 0.05, 1.5)",,0.07895474051574417,0.07895474051574417,0.07841577403680644,0.00402054710714189,0.682627129691156,0.07987415732912505,0.004538855301043118,1.1644858907459068,0.7654759013431612,0.00167456699651666,1000.0,,,0.0,0.0,20.94,2.0940000000000003,
hes,xi,0.6,van,put,10000,"(1.0, 1.0, 0.03, 2, 0.05, 0.6, -0.7, 0.05, 1.5)",,0.07895474051574417,0.07895474051574417,0.0783974695852772,0.0013273286030963292,0.7058106034251889,0.0796985801701481,0.0015001739590620197,0.94210892157337,0.7636534036381636,0.007815327779389918,10000.0,,,0.0,0.0,221.24,2.2123999999999997,
hes,xi,0.6,van,put,100000,"(1.0, 1.0, 0.03, 2, 0.05, 0.6, -0.7, 0.05, 1.5)",,0.07895474051574417,0.07895474051574417,0.0783609837826104,0.0005148470903822675,0.7520216382895507,0.0794367033684765,0.00044713741616394056,0.6104292783233511,0.8255023404990789,0.05687174157705158,100000.0,,,0.0,0.0,2209.26,2.2092599999999996,
hes,xi,0.6,barr,call,1000,"(1.0, 1.0, 0.03, 2, 0.05, 0.6, -0.7, 0.05, 1.5)",,0.11385897989619743,0.11385897989619743,0.113674418618085,0.004318694367122893,0.16209637419964223,0.11389045190911128,0.004181070237341937,0.02764122157297876,0.7654759013431612,0.00167456699651666,1000.0,,,0.0,0.0,20.94,2.0940000000000003,
hes,xi,0.6,barr,call,10000,"(1.0, 1.0, 0.03, 2, 0.05, 0.6, -0.7, 0.05, 1.5)",,0.11385897989619743,0.11385897989619743,0.11338359985009822,0.001478585796223322,0.4175165160733145,0.11439726137755167,0.0015126357405120864,0.4727615527953741,0.7636534036381636,0.007815327779389918,10000.0,,,0.0,0.0,221.24,2.2123999999999997,
hes,xi,0.6,barr,call,100000,"(1.0, 1.0, 0.03, 2, 0.05, 0.6, -0.7, 0.05, 1.5)",,0.11385897989619743,0.11385897989619743,0.11336942808844692,0.00047385618622962643,0.4299632828230352,0.11402276571032445,0.00040888832060140626,0.1438497115259026,0.8255023404990789,0.05687174157705158,100000.0,,,0.0,0.0,2209.26,2.2092599999999996,
hes,xi,0.6,barr,put,1000,"(1.0, 1.0, 0.03, 2, 0.05, 0.6, -0.7, 0.05, 1.5)",,0.004813940224511736,0.004813940224511736,0.004696444288961506,0.0007192560112044642,2.440743550407235,0.005148707667996832,0.0006938414538925472,6.954125474606427,0.7654759013431612,0.00167456699651666,1000.0,,,0.0,0.0,20.94,2.0940000000000003,
hes,xi,0.6,barr,put,10000,"(1.0, 1.0, 0.03, 2, 0.05, 0.6, -0.7, 0.05, 1.5)",,0.004813940224511736,0.004813940224511736,0.004812732109676123,0.00023417901260767906,0.02509617442819094,0.0050165772505328275,0.00022616459602303247,4.2093797714666215,0.7636534036381636,0.007815327779389918,10000.0,,,0.0,0.0,221.24,2.2123999999999997,
hes,xi,0.6,barr,put,100000,"(1.0, 1.0, 0.03, 2, 0.05, 0.6, -0.7, 0.05, 1.5)",,0.004813940224511736,0.004813940224511736,0.004784043806101573,6.0592634999165946e-05,0.6210384220796039,0.004999792308786055,6.284058094028641e-05,3.8607061078156613,0.8255023404990789,0.05687174157705158,100000.0,,,0.0,0.0,2209.26,2.2092599999999996,
hes,rho,-0.95,van,call,1000,"(1.0, 1.0, 0.03, 2, 0.05, 0.5, -0.95, 0.05, 1.5)",,0.12353761776085817,0.12353761776085817,0.12251063493252003,0.00412116861301327,0.8313118278888606,0.1234971448972156,0.003953087348671877,0.03276157042377203,0.7357699754799251,0.0022033425269182773,1000.0,,,0.0,0.0,20.94,2.094,
hes,rho,-0.95,van,call,10000,"(1.0, 1.0, 0.03, 2, 0.05, 0.5, -0.95, 0.05, 1.5)",,0.12353761776085817,0.12353761776085817,0.12326800947427591,0.0014006956699839296,0.21823982967209646,0.12348052869309152,0.0013815578303620463,0.046211889788227614,0.7519128500402439,0.008851306162541732,10000.0,,,0.0,0.0,214.44,2.1444,
hes,rho,-0.95,van,call,100000,"(1.0, 1.0, 0.03, 2, 0.05, 0.5, -0.95, 0.05, 1.5)",,0.12353761776085817,0.12353761776085817,0.12342702402485677,0.00038705754643870354,0.08952231555532346,0.12326707994526671,0.0003578841557059035,0.21899225555341273,0.7886359107022872,0.05765908525674604,100000.0,,,0.0,0.0,2135.28,2.1352800000000003,
hes,rho,-0.95,van,put,1000,"(1.0, 1.0, 0.03, 2, 0.05, 0.5, -0.95, 0.05, 1.5)",,0.07953509927257754,0.07953509927257754,0.07973311567991805,0.004844555653800926,0.24896732279402184,0.07900716120084286,0.004601654469943524,0.6637799871543054,0.7357699754799251,0.0022033425269182773,1000.0,,,0.0,0.0,20.94,2.094,
hes,rho,-0.95,van,put,10000,"(1.0, 1.0, 0.03, 2, 0.05, 0.5, -0.95, 0.05, 1.5)",,0.07953509927257754,0.07953509927257754,0.07975682811087069,0.0013705079950775156,0.27878111716847537,0.08038723879423194,0.0014028932691271172,1.0714005884798163,0.7519128500402439,0.008851306162541732,10000.0,,,0.0,0.0,214.44,2.1444,
hes,rho,-0.95,van,put,100000,"(1.0, 1.0, 0.03, 2, 0.05, 0.5, -0.95, 0.05, 1.5)",,0.07953509927257754,0.07953509927257754,0.0794783741968028,0.000437729050797572,0.07132080841483163,0.08032273443967172,0.0003709160012500201,0.9902988420179729,0.7886359107022872,0.05765908525674604,100000.0,,,0.0,0.0,2135.28,2.1352800000000003,
hes,rho,-0.95,barr,call,1000,"(1.0, 1.0, 0.03, 2, 0.05, 0.5, -0.95, 0.05, 1.5)",,0.11559341533154031,0.11559341533154031,0.11469955019164273,0.004285134273790357,0.77328378725885,0.11609096145456782,0.003997218611749378,0.4304277381202596,0.7357699754799251,0.0022033425269182773,1000.0,,,0.0,0.0,20.94,2.094,
hes,rho,-0.95,barr,call,10000,"(1.0, 1.0, 0.03, 2, 0.05, 0.5, -0.95, 0.05, 1.5)",,0.11559341533154031,0.11559341533154031,0.11530450473535891,0.00146672505559949,0.2499368976621702,0.1161161149704077,0.0013746457511184546,0.452188074353721,0.7519128500402439,0.008851306162541732,10000.0,,,0.0,0.0,214.44,2.1444,
hes,rho,-0.95,barr,call,100000,"(1.0, 1.0, 0.03, 2, 0.05, 0.5, -0.95, 0.05, 1.5)",,0.11559341533154031,0.11559341533154031,0.11550561080556873,0.0004057404844570427,0.07595979902466352,0.11584634503729024,0.00039738277704889024,0.2188097868935588,0.7886359107022872,0.05765908525674604,100000.0,,,0.0,0.0,2135.28,2.1352800000000003,
hes,rho,-0.95,barr,put,1000,"(1.0, 1.0, 0.03, 2, 0.05, 0.5, -0.95, 0.05, 1.5)",,0.0037236562702428273,0.0037236562702428273,0.0038109411128856283,0.0005310841927719098,2.3440628325532575,0.0038752250729188653,0.0006919014115104035,4.070429483174446,0.7357699754799251,0.0022033425269182773,1000.0,,,0.0,0.0,20.94,2.094,
hes,rho,-0.95,barr,put,10000,"(1.0, 1.0, 0.03, 2, 0.05, 0.5, -0.95, 0.05, 1.5)",,0.0037236562702428273,0.0037236562702428273,0.003725835555880458,0.00018186520391573886,0.05852542446105914,0.0038968968394509276,0.00018896947924165034,4.652431820641781,0.7519128500402439,0.008851306162541732,10000.0,,,0.0,0.0,214.44,2.1444,
hes,rho,-0.95,barr,put,100000,"(1.0, 1.0, 0.03, 2, 0.05, 0.5, -0.95, 0.05, 1.5)",,0.0037236562702428273,0.0037236562702428273,0.003718160775154033,6.145931264169218e-05,0.14758330764069513,0.0038948251693427627,5.9329777359838996e-05,4.596796446219056,0.7886359107022872,0.05765908525674604,100000.0,,,0.0,0.0,2135.28,2.1352800000000003,
hes,rho,-0.05,van,call,1000,"(1.0, 1.0, 0.03, 2, 0.05, 0.5, -0.05, 0.05, 1.5)",,0.1252763536719359,0.1252763536719359,0.12544817839267236,0.006525234406669019,0.13715654686631365,0.12563877334595724,0.0072114030459647155,0.28929615477987036,0.737387655180064,0.0017916798999067396,1000.0,,,0.0,0.0,22.74,2.2739999999999996,
hes,rho,-0.05,van,call,10000,"(1.0, 1.0, 0.03, 2, 0.05, 0.5, -0.05, 0.05, 1.5)",,0.1252763536719359,0.1252763536719359,0.1252888181099739,0.0017134514625018922,0.00994955366487238,0.12472919764259499,0.0018632458455970528,0.43675922335172834,0.7313665422407212,0.007314313221722841,10000.0,,,0.0,0.0,234.66,2.3465999999999996,
hes,rho,-0.05,van,call,100000,"(1.0, 1.0, 0.03, 2, 0.05, 0.5, -0.05, 0.05, 1.5)",,0.1252763536719359,0.1252763536719359,0.12508892461244003,0.0005864743848845763,0.1496124799311243,0.12503062899324477,0.0006601589460852274,0.19614609739889038,0.8195912570995278,0.055758004758972676,100000.0,,,0.0,0.0,2354.54,2.35454,
hes,rho,-0.05,van,put,1000,"(1.0, 1.0, 0.03, 2, 0.05, 0.5, -0.05, 0.05, 1.5)",,0.08127383518193128,0.08127383518193128,0.08061133169644673,0.004351193906191272,0.815149776064508,0.08146430820561164,0.0037370728278292085,0.23435958602665471,0.737387655180064,0.0017916798999067396,1000.0,,,0.0,0.0,22.74,2.2739999999999996,
hes,rho,-0.05,van,put,10000,"(1.0, 1.0, 0.03, 2, 0.05, 0.5, -0.05, 0.05, 1.5)",,0.08127383518193128,0.08127383518193128,0.08088623896460492,0.0011795362391521236,0.47690159626246514,0.08197265575772623,0.0013616060846411925,0.8598346247973263,0.7313665422407212,0.007314313221722841,10000.0,,,0.0,0.0,234.66,2.3465999999999996,
hes,rho,-0.05,van,put,100000,"(1.0, 1.0, 0.03, 2, 0.05, 0.5, -0.05, 0.05, 1.5)",,0.08127383518193128,0.08127383518193128,0.08120137887747843,0.00042047154826958415,0.08915083715522601,0.08174663637753471,0.00044790631979322237,0.5817385072884365,0.8195912570995278,0.055758004758972676,100000.0,,,0.0,0.0,2354.54,2.35454,
hes,rho,-0.05,barr,call,1000,"(1.0, 1.0, 0.03, 2, 0.05, 0.5, -0.05, 0.05, 1.5)",,0.11690814078919626,0.11690814078919626,0.11688265644378187,0.006162167118058165,0.021798606360814602,0.11755437648708375,0.006939342629631596,0.5527721966366373,0.737387655180064,0.0017916798999067396,1000.0,,,0.0,0.0,22.74,2.2739999999999996,
hes,rho,-0.05,barr,call,10000,"(1.0, 1.0, 0.03, 2, 0.05, 0.5, -0.05, 0.05, 1.5)",,0.11690814078919626,0.11690814078919626,0.11686848394471397,0.00169263202552663,0.03392137127028322,0.11692168020483834,0.0017940160678922123,0.011581242803695645,0.7313665422407212,0.007314313221722841,10000.0,,,0.0,0.0,234.66,2.3465999999999996,
hes,rho,-0.05,barr,call,100000,"(1.0, 1.0, 0.03, 2, 0.05, 0.5, -0.05, 0.05, 1.5)",,0.11690814078919626,0.11690814078919626,0.11671280237501992,0.0005825145011155825,0.16708709321497225,0.11721261534883816,0.000653330190851899,0.2604391427205371,0.8195912570995278,0.055758004758972676,100000.0,,,0.0,0.0,2354.54,2.35454,
hes,rho,-0.05,barr,put,1000,"(1.0, 1.0, 0.03, 2, 0.05, 0.5, -0.05, 0.05, 1.5)",,0.011123301160011013,0.011123301160011013,0.011333035681216139,0.0010720817372870811,1.8855420543600374,0.011414883678931726,0.0008880475972870227,2.621366757280386,0.737387655180064,0.0017916798999067396,1000.0,,,0.0,0.0,22.74,2.2739999999999996,
hes,rho,-0.05,barr,put,10000,"(1.0, 1.0, 0.03, 2, 0.05, 0.5, -0.05, 0.05, 1.5)",,0.011123301160011013,0.011123301160011013,0.01128320289627506,0.0003479057643219397,1.4375384965652447,0.011400229877689422,0.0003427640749537315,2.4896270782812713,0.7313665422407212,0.007314313221722841,10000.0,,,0.0,0.0,234.66,2.3465999999999996,
hes,rho,-0.05,barr,put,100000,"(1.0, 1.0, 0.03, 2, 0.05, 0.5, -0.05, 0.05, 1.5)",,0.011123301160011013,0.011123301160011013,0.011182511755818405,9.346422802934695e-05,0.5323113611295333,0.0113833539607934,8.913710035604177e-05,2.3379102753892287,0.8195912570995278,0.055758004758972676,100000.0,,,0.0,0.0,2354.54,2.35454,
hes,Y0,0.005,van,call,1000,"(1.0, 1.0, 0.03, 2, 0.05, 0.5, -0.7, 0.005, 1.5)",,0.10967065710451433,0.10967065710451433,0.10884346093403982,0.0037624817438936253,0.7542547772702843,0.11036488363445526,0.0040159248129743525,0.6330102766497917,0.8734428812994156,0.003337780116125941,1000.0,,,0.0,0.0,24.82,2.4819999999999998,
hes,Y0,0.005,van,call,10000,"(1.0, 1.0, 0.03, 2, 0.05, 0.5, -0.7, 0.005, 1.5)",,0.10967065710451433,0.10967065710451433,0.10938889304594727,0.0015580593581618998,0.2569183644979361,0.10955396495142994,0.0012560995927907602,0.10640234695884812,0.8591216171014822,0.006817260640673339,10000.0,,,0.0,0.0,242.16,2.4215999999999998,
hes,Y0,0.005,van,call,100000,"(1.0, 1.0, 0.03, 2, 0.05, 0.5, -0.7, 0.005, 1.5)",,0.10967065710451433,0.10967065710451433,0.1094918573408322,0.00039608591587001027,0.16303336590000134,0.10957717509990081,0.0004108445824852828,0.08523884791210554,0.893081804618705,0.056985972442198544,100000.0,,,0.0,0.0,2434.18,2.43418,
hes,Y0,0.005,van,put,1000,"(1.0, 1.0, 0.03, 2, 0.05, 0.5, -0.7, 0.005, 1.5)",,0.06566813861547906,0.06566813861547906,0.06565124596133051,0.004193631954193591,0.025724277411699737,0.06607980004904081,0.004263260608568177,0.6268815322636757,0.8734428812994156,0.003337780116125941,1000.0,,,0.0,0.0,24.82,2.4819999999999998,
hes,Y0,0.005,van,put,10000,"(1.0, 1.0, 0.03, 2, 0.05, 0.5, -0.7, 0.005, 1.5)",,0.06566813861547906,0.06566813861547906,0.06565517163130263,0.0012923868825736049,0.01974623378980248,0.06614041788254499,0.0010534652283562306,0.7191908846866675,0.8591216171014822,0.006817260640673339,10000.0,,,0.0,0.0,242.16,2.4215999999999998,
hes,Y0,0.005,van,put,100000,"(1.0, 1.0, 0.03, 2, 0.05, 0.5, -0.7, 0.005, 1.5)",,0.06566813861547906,0.06566813861547906,0.06541374996838095,0.0003660595308443541,0.38738519541064304,0.06622894893606424,0.0003603169172781643,0.8540067259542912,0.893081804618705,0.056985972442198544,100000.0,,,0.0,0.0,2434.18,2.43418,
hes,Y0,0.005,barr,call,1000,"(1.0, 1.0, 0.03, 2, 0.05, 0.5, -0.7, 0.005, 1.5)",,0.10502179799882744,0.10502179799882744,0.10410450001088332,0.0035915024917778865,0.8734358061117506,0.10615515103985894,0.004032514093459927,1.0791598150358797,0.8734428812994156,0.003337780116125941,1000.0,,,0.0,0.0,24.82,2.4819999999999998,
hes,Y0,0.005,barr,call,10000,"(1.0, 1.0, 0.03, 2, 0.05, 0.5, -0.7, 0.005, 1.5)",,0.10502179799882744,0.10502179799882744,0.10478356687213958,0.0015018828344748603,0.2268396954035389,0.10523507343165772,0.0013002491502336312,0.20307730099294774,0.8591216171014822,0.006817260640673339,10000.0,,,0.0,0.0,242.16,2.4215999999999998,
hes,Y0,0.005,barr,call,100000,"(1.0, 1.0, 0.03, 2, 0.05, 0.5, -0.7, 0.005, 1.5)",,0.10502179799882744,0.10502179799882744,0.10489652846947115,0.00040085527764351515,0.11927955123915401,0.1052922860986243,0.000428684755248663,0.257554245833693,0.893081804618705,0.056985972442198544,100000.0,,,0.0,0.0,2434.18,2.43418,
hes,Y0,0.005,barr,put,1000,"(1.0, 1.0, 0.03, 2, 0.05, 0.5, -0.7, 0.005, 1.5)",,0.006958437821566572,0.006958437821566572,0.007109196865877301,0.0008416963841393437,2.166564510262279,0.006995824210580453,0.0008232872239763578,0.5372813549904453,0.8734428812994156,0.003337780116125941,1000.0,,,0.0,0.0,24.82,2.4819999999999998,
hes,Y0,0.005,barr,put,10000,"(1.0, 1.0, 0.03, 2, 0.05, 0.5, -0.7, 0.005, 1.5)",,0.006958437821566572,0.006958437821566572,0.006942936671254868,0.00023036229877254917,0.22276767730338748,0.0071192274330825955,0.00025105466912994683,2.3107142096992153,0.8591216171014822,0.006817260640673339,10000.0,,,0.0,0.0,242.16,2.4215999999999998,
hes,Y0,0.005,barr,put,100000,"(1.0, 1.0, 0.03, 2, 0.05, 0.5, -0.7, 0.005, 1.5)",,0.006958437821566572,0.006958437821566572,0.0069720642111106125,8.233785099233723e-05,0.19582541216086624,0.007098775297136987,6.702815984646417e-05,2.016795711466457,0.893081804618705,0.056985972442198544,100000.0,,,0.0,0.0,2434.18,2.43418,
hes,Y0,0.15,van,call,1000,"(1.0, 1.0, 0.03, 2, 0.05, 0.5, -0.7, 0.15, 1.5)",,0.15211775660403326,0.15211775660403326,0.15428861299910432,0.005623345961802017,1.427089409898318,0.15143048607243872,0.005584787664735267,0.4518016482346109,0.85961243995931,0.0020787471625953913,1000.0,,,0.0,0.0,18.52,1.852,
hes,Y0,0.15,van,call,10000,"(1.0, 1.0, 0.03, 2, 0.05, 0.5, -0.7, 0.15, 1.5)",,0.15211775660403326,0.15211775660403326,0.15194412079079747,0.0023125423722805505,0.11414565735923153,0.1527214922815337,0.002012071199457054,0.39688705051835566,0.8339985893992707,0.008372959580738097,10000.0,,,0.0,0.0,185.84,1.8584,
hes,Y0,0.15,van,call,100000,"(1.0, 1.0, 0.03, 2, 0.05, 0.5, -0.7, 0.15, 1.5)",,0.15211775660403326,0.15211775660403326,0.15210979295628546,0.0007779869297037449,0.005235186164708673,0.152862910506726,0.000622610995001723,0.48985333423790134,0.9075908221607096,0.05767758179688826,100000.0,,,0.0,0.0,1865.46,1.86546,
hes,Y0,0.15,van,put,1000,"(1.0, 1.0, 0.03, 2, 0.05, 0.5, -0.7, 0.15, 1.5)",,0.10811523811606784,0.10811523811606784,0.10716146550323614,0.004608560913342941,0.8821814847299922,0.10889811051668859,0.0065577280442562025,0.7241092137079612,0.85961243995931,0.0020787471625953913,1000.0,,,0.0,0.0,18.52,1.852,
hes,Y0,0.15,van,put,10000,"(1.0, 1.0, 0.03, 2, 0.05, 0.5, -0.7, 0.15, 1.5)",,0.10811523811606784,0.10811523811606784,0.1081595583906639,0.0018635666651586045,0.04099355037121432,0.10935529559649508,0.0015217249532528722,1.1469775232756463,0.8339985893992707,0.008372959580738097,10000.0,,,0.0,0.0,185.84,1.8584,
hes,Y0,0.15,van,put,100000,"(1.0, 1.0, 0.03, 2, 0.05, 0.5, -0.7, 0.15, 1.5)",,0.10811523811606784,0.10811523811606784,0.10810132716071308,0.00046946960678840156,0.012866785105560514,0.1091921798071102,0.0005065371058332885,0.9961053685015262,0.9075908221607096,0.05767758179688826,100000.0,,,0.0,0.0,1865.46,1.86546,
hes,Y0,0.15,barr,call,1000,"(1.0, 1.0, 0.03, 2, 0.05, 0.5, -0.7, 0.15, 1.5)",,0.13251054875795268,0.13251054875795268,0.13440383505864645,0.005386688045284657,1.4287815713087846,0.1325569413721364,0.005543460422746222,0.03501050642273929,0.85961243995931,0.0020787471625953913,1000.0,,,0.0,0.0,18.52,1.852,
hes,Y0,0.15,barr,call,10000,"(1.0, 1.0, 0.03, 2, 0.05, 0.5, -0.7, 0.15, 1.5)",,0.13251054875795268,0.13251054875795268,0.1324090566463017,0.0023022685600075973,0.07659172239665465,0.13391500942548348,0.002071331908555057,1.0598859341351232,0.8339985893992707,0.008372959580738097,10000.0,,,0.0,0.0,185.84,1.8584,
hes,Y0,0.15,barr,call,100000,"(1.0, 1.0, 0.03, 2, 0.05, 0.5, -0.7, 0.15, 1.5)",,0.13251054875795268,0.13251054875795268,0.1325634377949549,0.0007997601541038192,0.03991307673085224,0.1340512366004685,0.000602078594252844,1.1626907117636964,0.9075908221607096,0.05767758179688826,100000.0,,,0.0,0.0,1865.46,1.86546,
hes,Y0,0.15,barr,put,1000,"(1.0, 1.0, 0.03, 2, 0.05, 0.5, -0.7, 0.15, 1.5)",,0.002977463639516415,0.002977463639516415,0.002994340972046317,0.0004602885552400454,0.5668358903164629,0.003225169097528692,0.0005353642498809935,8.319344516076375,0.85961243995931,0.0020787471625953913,1000.0,,,0.0,0.0,18.52,1.852,
hes,Y0,0.15,barr,put,10000,"(1.0, 1.0, 0.03, 2, 0.05, 0.5, -0.7, 0.15, 1.5)",,0.002977463639516415,0.002977463639516415,0.0029662648636495513,0.00016142284426254718,0.37611797229814986,0.0032190578298582472,0.0001724740990538749,8.114093725123393,0.8339985893992707,0.008372959580738097,10000.0,,,0.0,0.0,185.84,1.8584,
hes,Y0,0.15,barr,put,100000,"(1.0, 1.0, 0.03, 2, 0.05, 0.5, -0.7, 0.15, 1.5)",,0.002977463639516415,0.002977463639516415,0.0029681564193578523,4.537714812574861e-05,0.31258887715836287,0.00318790691219089,5.0064192468311925e-05,7.067870447904244,0.9075908221607096,0.05767758179688826,100000.0,,,0.0,0.0,1865.46,1.86546,
hes,T,0.15,van,call,1000,"(1.0, 1.0, 0.03, 2, 0.05, 0.5, -0.7, 0.05, 0.15)",,0.035930841271101244,0.035930841271101244,0.035266295200814875,0.001311836459045121,1.8495143636418434,0.03527776754637399,0.0012029786170154751,1.8175853991276125,0.08278550955932587,0.004486266482854262,1000.0,,,0.0,0.0,68.1,6.810000000000001,
hes,T,0.15,van,call,10000,"(1.0, 1.0, 0.03, 2, 0.05, 0.5, -0.7, 0.05, 0.15)",,0.035930841271101244,0.035930841271101244,0.035913815173233395,0.0005170152233170563,0.04738574791329191,0.03529183680037693,0.00044401035921169495,1.7784289154349862,0.08154518955911044,0.008665722783189268,10000.0,,,0.0,0.0,671.86,6.718599999999999,
hes,T,0.15,van,call,100000,"(1.0, 1.0, 0.03, 2, 0.05, 0.5, -0.7, 0.05, 0.15)",,0.035930841271101244,0.035930841271101244,0.03597531504782264,0.00012948978596344626,0.1237760518487177,0.035349115277052943,0.00012749302149053142,1.619015791083566,0.08111691120197065,0.058557895261328666,100000.0,,,0.0,0.0,6667.92,6.6679200000000005,
hes,T,0.15,van,put,1000,"(1.0, 1.0, 0.03, 2, 0.05, 0.5, -0.7, 0.05, 0.15)",,0.031440951067096906,0.031440951067096906,0.03196057560335321,0.0015386595053695287,1.6526998027107898,0.03196184217043845,0.0017073450484753022,1.6567282021142833,0.08278550955932587,0.004486266482854262,1000.0,,,0.0,0.0,68.1,6.810000000000001,
hes,T,0.15,van,put,10000,"(1.0, 1.0, 0.03, 2, 0.05, 0.5, -0.7, 0.05, 0.15)",,0.031440951067096906,0.031440951067096906,0.03163931522308513,0.00042494878128597214,0.6309101641515252,0.03167949831528861,0.0005892836159021966,0.7587151154639935,0.08154518955911044,0.008665722783189268,10000.0,,,0.0,0.0,671.86,6.718599999999999,
hes,T,0.15,van,put,100000,"(1.0, 1.0, 0.03, 2, 0.05, 0.5, -0.7, 0.05, 0.15)",,0.031440951067096906,0.031440951067096906,0.031520662467906815,0.00017710806210077427,0.25352732059472455,0.031740761124949286,0.00016173298101445277,0.953565486020341,0.08111691120197065,0.058557895261328666,100000.0,,,0.0,0.0,6667.92,6.6679200000000005,
hes,T,0.15,barr,call,1000,"(1.0, 1.0, 0.03, 2, 0.05, 0.5, -0.7, 0.05, 0.15)",,0.0359288808463313,0.0359288808463313,0.03526457695184613,0.0013123476202258134,1.8489412384605448,0.03527706047153235,0.0012029366979032805,1.8141961548616132,0.08278550955932587,0.004486266482854262,1000.0,,,0.0,0.0,68.1,6.810000000000001,
hes,T,0.15,barr,call,10000,"(1.0, 1.0, 0.03, 2, 0.05, 0.5, -0.7, 0.05, 0.15)",,0.0359288808463313,0.0359288808463313,0.03591272102141928,0.0005170268779686257,0.04497725654505717,0.03528915765946068,0.0004436180499049953,1.7805263392609687,0.08154518955911044,0.008665722783189268,10000.0,,,0.0,0.0,671.86,6.718599999999999,
hes,T,0.15,barr,call,100000,"(1.0, 1.0, 0.03, 2, 0.05, 0.5, -0.7, 0.05, 0.15)",,0.0359288808463313,0.0359288808463313,0.03597361599903831,0.0001296596064500409,0.12451028713737057,0.035347208704221283,0.00012780236291353068,1.6189542463007478,0.08111691120197065,0.058557895261328666,100000.0,,,0.0,0.0,6667.92,6.6679200000000005,
hes,T,0.15,barr,put,1000,"(1.0, 1.0, 0.03, 2, 0.05, 0.5, -0.7, 0.05, 0.15)",,0.024102172841254783,0.024102172841254783,0.024633092482036493,0.0013566084385555118,2.2027874593653025,0.02466484971976679,0.001365724286493396,2.3345483505491047,0.08278550955932587,0.004486266482854262,1000.0,,,0.0,0.0,68.1,6.810000000000001,
hes,T,0.15,barr,put,10000,"(1.0, 1.0, 0.03, 2, 0.05, 0.5, -0.7, 0.05, 0.15)",,0.024102172841254783,0.024102172841254783,0.024326298756339737,0.00031304675381895163,0.9298992110011195,0.024165794138157292,0.00048789307714790383,0.2639649849063034,0.08154518955911044,0.008665722783189268,10000.0,,,0.0,0.0,671.86,6.718599999999999,
hes,T,0.15,barr,put,100000,"(1.0, 1.0, 0.03, 2, 0.05, 0.5, -0.7, 0.05, 0.15)",,0.024102172841254783,0.024102172841254783,0.024281798362969967,9.416775492904786e-05,0.7452669221910396,0.024212804713259654,0.0001333561442930157,0.45901202656511775,0.08111691120197065,0.058557895261328666,100000.0,,,0.0,0.0,6667.92,6.6679200000000005,
hes,T,2.85,van,call,1000,"(1.0, 1.0, 0.03, 2, 0.05, 0.5, -0.7, 0.05, 2.85)",,0.18290948439502253,0.18290948439502253,0.18380452475969464,0.00691010902899646,0.48933513077929175,0.18143944938954312,0.006838615227988494,0.8036953416284447,1.5809387894364773,0.0021098334388807414,1000.0,,,0.0,0.0,14.52,1.452,
hes,T,2.85,van,call,10000,"(1.0, 1.0, 0.03, 2, 0.05, 0.5, -0.7, 0.05, 2.85)",,0.18290948439502253,0.18290948439502253,0.18286806085827909,0.002517559808308994,0.02264701411217109,0.18264743461474345,0.0020829786188155865,0.14326746431209605,1.5788979597203434,0.007793715125881135,10000.0,,,0.0,0.0,145.26,1.4526,
hes,T,2.85,van,call,100000,"(1.0, 1.0, 0.03, 2, 0.05, 0.5, -0.7, 0.05, 2.85)",,0.18290948439502253,0.18290948439502253,0.18264274793642796,0.0007386524436218463,0.1458297580777759,0.18262984534353763,0.0007735314385992935,0.152883844383363,39.42444459558173,0.05813441753736697,100000.0,,,0.0,0.0,1479.9,1.4799,
hes,T,2.85,van,put,1000,"(1.0, 1.0, 0.03, 2, 0.05, 0.5, -0.7, 0.05, 2.85)",,0.10096262686159024,0.10096262686159024,0.10035319131053097,0.004526042386181627,0.6036248956703046,0.1009577225465912,0.004823782916551495,0.004857554871035685,1.5809387894364773,0.0021098334388807414,1000.0,,,0.0,0.0,14.52,1.452,
hes,T,2.85,van,put,10000,"(1.0, 1.0, 0.03, 2, 0.05, 0.5, -0.7, 0.05, 2.85)",,0.10096262686159024,0.10096262686159024,0.1008096388785858,0.001569049759682177,0.15152932105677114,0.10195124687258239,0.0015703778982276073,0.9791940262682024,1.5788979597203434,0.007793715125881135,10000.0,,,0.0,0.0,145.26,1.4526,
hes,T,2.85,van,put,100000,"(1.0, 1.0, 0.03, 2, 0.05, 0.5, -0.7, 0.05, 2.85)",,0.10096262686159024,0.10096262686159024,0.10070294805441073,0.0005191063174855732,0.25720290294695963,0.10174079778714393,0.0005467588851355056,0.7707514649162994,39.42444459558173,0.05813441753736697,100000.0,,,0.0,0.0,1479.9,1.4799,
hes,T,2.85,barr,call,1000,"(1.0, 1.0, 0.03, 2, 0.05, 0.5, -0.7, 0.05, 2.85)",,0.15685375913503938,0.15685375913503938,0.1578879660146689,0.006980499370258237,0.6593446566614594,0.1565882562644116,0.007644077269592467,0.16926777661680836,1.5809387894364773,0.0021098334388807414,1000.0,,,0.0,0.0,14.52,1.452,
hes,T,2.85,barr,call,10000,"(1.0, 1.0, 0.03, 2, 0.05, 0.5, -0.7, 0.05, 2.85)",,0.15685375913503938,0.15685375913503938,0.15687838923233832,0.0024459540033303744,0.015702586558821143,0.15845821921629988,0.0024189862766376036,1.0229018992647667,1.5788979597203434,0.007793715125881135,10000.0,,,0.0,0.0,145.26,1.4526,
hes,T,2.85,barr,call,100000,"(1.0, 1.0, 0.03, 2, 0.05, 0.5, -0.7, 0.05, 2.85)",,0.15685375913503938,0.15685375913503938,0.1566871077036853,0.00073042562626475,0.10624637386637752,0.15809918992793975,0.0007549868055383464,0.7940076156084682,39.42444459558173,0.05813441753736697,100000.0,,,0.0,0.0,1479.9,1.4799,
hes,T,2.85,barr,put,1000,"(1.0, 1.0, 0.03, 2, 0.05, 0.5, -0.7, 0.05, 2.85)",,0.002196139809621182,0.002196139809621182,0.002233731006414992,0.0003989357498948506,1.711694156680043,0.0024236989948188755,0.0003885468673492796,10.36178043860267,1.5809387894364773,0.0021098334388807414,1000.0,,,0.0,0.0,14.52,1.452,
hes,T,2.85,barr,put,10000,"(1.0, 1.0, 0.03, 2, 0.05, 0.5, -0.7, 0.05, 2.85)",,0.002196139809621182,0.002196139809621182,0.0022080422191217254,0.0001300559225811358,0.5419695708078179,0.0023849175654912748,0.0001457743251537777,8.595889708071711,1.5788979597203434,0.007793715125881135,10000.0,,,0.0,0.0,145.26,1.4526,
hes,T,2.85,barr,put,100000,"(1.0, 1.0, 0.03, 2, 0.05, 0.5, -0.7, 0.05, 2.85)",,0.002196139809621182,0.002196139809621182,0.0022057767923511547,5.0163548567252286e-05,0.438814627727875,0.0023586333649292576,4.7796114040617e-05,7.399053311460377,39.42444459558173,0.05813441753736697,100000.0,,,0.0,0.0,1479.9,1.4799,
